City,Population,QCODE,REGION,FTE Count?,Administrative Assistant - # of FTE in City,Administrative Assistant - Average Salary or Annual Wage,Administrative Assistant - Is This Position Contracted Out? (Y/N),Assistant City Manager - # of FTE in City,Assistant City Manager - Average Salary or Annual Wage,Assistant City Manager - Is This Position Contracted Out? (Y/N),Building Official - # of FTE in City,Building Official - Average Salary or Annual Wage,Building Official - Is This Position Contracted Out? (Y/N),City Attorney - # of FTE in City,City Attorney - Average Salary or Annual Wage,City Attorney - Is This Position Contracted Out? (Y/N),City Administrator - # of FTE in City,City Administrator - Average Salary or Annual Wage,City Administrator - Is This Position Contracted Out? (Y/N),Community Development Director - # of FTE in City,Community Development Director - Average Salary or Annual Wage,Community Development Director - Is This Position Contracted Out? (Y/N),City Engineer - # of FTE in City,City Engineer - Average Salary or Annual Wage,City Engineer - Is This Position Contracted Out? (Y/N),City Manager - # of FTE in City,City Manager - Average Salary or Annual Wage,City Manager - Is This Position Contracted Out? (Y/N),City Recorder - # of FTE in City,City Recorder - Average Salary or Annual Wage,City Recorder - Is This Position Contracted Out? (Y/N),Economic Development Director - # of FTE in City,Economic Development Director - Average Salary or Annual Wage,Economic Development Director - Is This Position Contracted Out? (Y/N),Fire Chief - # of FTE in City,Fire Chief - Average Salary or Annual Wage,Fire Chief - Is This Position Contracted Out? (Y/N),Finance Director - # of FTE in City,Finance Director - Average Salary or Annual Wage,Finance Director - Is This Position Contracted Out? (Y/N),Franchise Coordinator - # of FTE in City,Franchise Coordinator - Average Salary or Annual Wage,Franchise Coordinator - Is This Position Contracted Out? (Y/N),Human Resources Director - # of FTE in City,Human Resources Director - Average Salary or Annual Wage,Human Resources Director - Is This Position Contracted Out? (Y/N),IT Manager - # of FTE in City,IT Manager - Average Salary or Annual Wage,IT Manager - Is This Position Contracted Out? (Y/N),Librarian - # of FTE in City,Librarian - Average Salary or Annual Wage,Librarian - Is This Position Contracted Out? (Y/N),Municipal Judge - # of FTE in City,Municipal Judge - Average Salary or Annual Wage,Municipal Judge - Is This Position Contracted Out? (Y/N),Police Chief - # of FTE in City,Police Chief - Average Salary or Annual Wage,Police Chief - Is This Position Contracted Out? (Y/N),Planning Director - # of FTE in City,Planning Director - Average Salary or Annual Wage,Planning Director - Is This Position Contracted Out? (Y/N),City Planner - # of FTE in City,City Planner - Average Salary or Annual Wage,City Planner - Is This Position Contracted Out? (Y/N),Parks & Recreation Director - # of FTE in City,Parks & Recreation Director - Average Salary or Annual Wage,Parks & Recreation Director - Is This Position Contracted Out? (Y/N),Public Relations Manager - # of FTE in City,Public Relations Manager - Average Salary or Annual Wage,Public Relations Manager - Is This Position Contracted Out? (Y/N),Public Works Director - # of FTE in City,Public Works Director - Average Salary or Annual Wage,Public Works Director - Is This Position Contracted Out? (Y/N),Superintendent of Streets - # of FTE in City,Superintendent of Streets - Average Salary or Annual Wage,Superintendent of Streets - Is This Position Contracted Out? (Y/N),Superintendent of Water - # of FTE in City,Superintendent of Water - Average Salary or Annual Wage,Superintendent of Water - Is This Position Contracted Out? (Y/N),Superintendent of Wastewater - # of FTE in City,Superintendent of Wastewater - Average Salary or Annual Wage,Superintendent of Wastewater - Is This Position Contracted Out? (Y/N),Administrative Assistant - Average Annual Sick Days,Administrative Assistant - Average Annual Vacation Days,Administrative Assistant - Average Annual Paid Time Off (PTO),Administrative Assistant - Average Annual Executive Leave,Assistant City Manager - Average Annual Sick Days,Assistant City Manager - Average Annual Vacation Days,Assistant City Manager - Average Annual Paid Time Off (PTO),Assistant City Manager - Average Annual Executive Leave,Building Official - Average Annual Sick Days,Building Official - Average Annual Vacation Days,Building Official - Average Annual Paid Time Off (PTO),Building Official - Average Annual Executive Leave,City Attorney - Average Annual Sick Days,City Attorney - Average Annual Vacation Days,City Attorney - Average Annual Paid Time Off (PTO),City Attorney - Average Annual Executive Leave,City Administrator - Average Annual Sick Days,City Administrator - Average Annual Vacation Days,City Administrator - Average Annual Paid Time Off (PTO), City Administrator - Average Annual Executive Leave,Community Development Director - Average Annual Sick Days,Community Development Director - Average Annual Vacation Days,Community Development Director - Average Annual Paid Time Off (PTO),Community Development Director - Average Annual Executive Leave,City Engineer - Average Annual Sick Days,City Engineer - Average Annual Vacation Days,City Engineer - Average Annual Paid Time Off (PTO),City Engineer - Average Annual Executive Leave,City Manager - Average Annual Sick Days,City Manager - Average Annual Vacation Days,City Manager - Average Annual Paid Time Off (PTO),City Manager - Average Annual Executive Leave,City Recorder - Average Annual Sick Days,City Recorder - Average Annual Vacation Days,City Recorder - Average Annual Paid Time Off (PTO),City Recorder - Average Annual Executive Leave,Economic Development Director - Average Annual Sick Days,Economic Development Director - Average Annual Vacation Days,Economic Development Director - Average Annual Paid Time Off (PTO),Economic Development Director - Average Annual Executive Leave,Fire Chief - Average Annual Sick Days,Fire Chief - Average Annual Vacation Days,Fire Chief - Average Annual Paid Time Off (PTO),Fire Chief - Average Annual Executive Leave,Finance Director - Average Annual Sick Days,Finance Director - Average Annual Vacation Days,Finance Director - Average Annual Paid Time Off (PTO),Finance Director - Average Annual Executive Leave,Franchise Coordinator - Average Annual Sick Days,Franchise Coordinator - Average Annual Vacation Days, Franchise Coordinator - Average Annual Paid Time Off (PTO),Franchise Coordinator - Average Annual Executive Leave,Human Resources Director - Average Annual Sick Days,Human Resources Director - Average Annual Vacation Days,Human Resources Director - Average Annual Paid Time Off (PTO),Human Resources Director - Average Annual Executive Leave,IT Manager - Average Annual Sick Days,IT Manager - Average Annual Vacation Days,IT Manager - Average Annual Paid Time Off (PTO),IT Manager - Average Annual Executive Leave,Librarian - Average Annual Sick Days,Librarian - Average Annual Vacation Days,Librarian - Average Annual Paid Time Off (PTO),Librarian - Average Annual Executive Leave,Municipal Judge - Average Annual Sick Days,Municipal Judge - Average Annual Vacation Days,Municipal Judge - Average Annual Paid Time Off (PTO),Municipal Judge - Average Annual Executive Leave,Police Chief - Average Annual Sick Days,Police Chief - Average Annual Vacation Days,Police Chief - Average Annual Paid Time Off (PTO),Police Chief - Average Annual Executive Leave,Planning Director - Average Annual Sick Days,Planning Director - Average Annual Vacation Days,Planning Director - Average Annual Paid Time Off (PTO),Planning Director - Average Annual Executive Leave,City Planner - Average Annual Sick Days,City Planner - Average Annual Vacation Days,City Planner - Average Annual Paid Time Off (PTO),City Planner - Average Annual Executive Leave,Parks & Recreation Director - Average Annual Sick Days,Parks & Recreation Director - Average Annual Vacation Days,Parks & Recreation Director - Average Annual Paid Time Off (PTO),Parks & Recreation Director - Average Annual Executive Leave,Public Relations Manager - Average Annual Sick Days,Public Relations Manager - Average Annual Vacation Days,Public Relations Manager - Average Annual Paid Time Off (PTO),Public Relations Manager - Average Annual Executive Leave,Public Works Director - Average Annual Sick Days,Public Works Director - Average Annual Vacation Days,Public Works Director - Average Annual Paid Time Off (PTO),Public Works Director - Average Annual Executive Leave,Superintendent of Streets - Average Annual Sick Days,Superintendent of Streets - Average Annual Vacation Days,Superintendent of Streets - Average Annual Paid Time Off (PTO),Superintendent of Streets - Average Annual Executive Leave,Superintendent of Water - Average Annual Sick Days,Superintendent of Water - Average Annual Vacation Days,Superintendent of Water - Average Annual Paid Time Off (PTO),Superintendent of Water - Average Annual Executive Leave,Superintendent of Wastewater - Average Annual Sick Days,Superintendent of Wastewater - Average Annual Vacation Days,Superintendent of Wastewater - Average Annual Paid Time Off (PTO),Superintendent of Wastewater - Average Annual Executive Leave,Administrative Assistant - Required Educational Attainment,Administrative Assistant - Required Years of Experience,Assistant City Manager - Required Educational Attainment,Assistant City Manager - Required Years of Experience,Building Official - Required Educational Attainment,Building Official - Required Years of Experience,City Attorney - Required Educational Attainment,City Attorney - Required Years of Experience,City Administrator - Required Educational Attainment,City Administrator - Required Years of Experience,Community Development Director - Required Educational Attainment,Community Development Director - Required Years of Experience,City Engineer - Required Educational Attainment,City Engineer - Required Years of Experience,City Manager - Required Educational Attainment,City Manager - Required Years of Experience,City Recorder - Required Educational Attainment,City Recorder - Required Years of Experience,Economic Development Director - Required Educational Attainment,Economic Development Director - Required Years of Experience,Fire Chief - Required Educational Attainment,Fire Chief - Required Years of Experience,Finance Director - Required Educational Attainment,Finance Director - Required Years of Experience,Franchise Coordinator - Required Educational Attainment,Franchise Coordinator - Required Years of Experience,Human Resources Director - Required Educational Attainment,Human Resources Director - Required Years of Experience,IT Manager - Required Educational Attainment,IT Manager - Required Years of Experience,Librarian - Required Educational Attainment,Librarian - Required Years of Experience,Municipal Judge - Required Educational Attainment,Municipal Judge - Required Years of Experience,Police Chief - Required Educational Attainment,Police Chief - Required Years of Experience,Planning Director - Required Educational Attainment,Planning Director - Required Years of Experience,City Planner - Required Educational Attainment,City Planner - Required Years of Experience,Parks & Recreation Director - Required Educational Attainment,Parks & Recreation Director - Required Years of Experience,Public Relations Manager - Required Educational Attainment,Public Relations Manager - Required Years of Experience,Public Works Director - Required Educational Attainment,Public Works Director - Required Years of Experience,Superintendent of Streets - Required Educational Attainment,Superintendent of Streets - Required Years of Experience,Superintendent of Water - Required Educational Attainment,Superintendent of Water - Required Years of Experience,Superintendent of Wastewater - Required Educational Attainment,Superintendent of Wastewater - Required Years of Experience,Location
Rockaway Beach,"1,350",3,1,16,2,"55,600.00",N,,,,,,,1,"65,000.00",Y,,,,,,,,,,1,"98,523.00",N,1,"73,836.00",N,,,,,,,1,"66,540.00",N,,,,,,,,,,,,,,,,1,"84,520.00",N,,,,0.2,"45,000.00",Y,0.27,"10,000.00",N,,,,1,"87,101.00",N,0.55,"41,945.00",N,2.725,"55,001",N,2.725,"55,001.00",N,12,12,11,,,,,,,,,,,,,,,,,,,,,,,,,,12,36,11,12,12,22,11,,,,,,,,,,12,12,11,,,,,,,,,,,,,,,,,,,,,,12,23,11,,,,,,12,,,,12,,,,,,,,12,18,11,12,12,12,11,,12,18,11,,12,18,11,,HS,2,,,,,,,,,,,,,BA,5,,,,,,,,,,,,,,,,,,,,,,,,,HS,,,,BA,7,HS,,HS,,HS,,"Rockaway Beach, Oregon
(45.613158, -123.943819)"
Yamhill,"1,075",2,2,8,1,"48,900.00",N,,,,,,,,,,,,,,,,,,,,,,1,"63,775.00",N,,,,,,,,,,,,,,,,,,,,,,,,Y,1,"63,100.00",N,,,,,,Y,,,,,,,1,"72,700.00",N,,,,,,,,,,12,16,2,,,,,,,,,,,,,,,,,,,,,,,,,,,,,,12,15,2,,,,,,,,,,,,,,,,,,,,,,,,,,,,,,,,,,12,16,2,,,,,,,,,,,,,,,,,,12,16,2,,,,,,,,,,,,,,,,,,,,,,,,,,,,,,,,,,,,,,,,,,,,,,,,,,,,,,,,,,,,,,,,,,"Yamhill, Oregon
(45.342995, -123.187835)"
Adams,375,1,7,3.25,,,,,,,,,,,,,,,,,,,,,,,,,1,"32,778.00",N,,,,,,,,,,,,,,,,,,,0.5,"24,440.00",N,,,,,,,,,,,,,,,,,,,1.75,"44,406.00",N,,,,,,,,,,,,,,,,,,,,,,,,,,,,,,,,,,,,,,,,,,10,10.25,,,,,,,,,,,,,,,,,,,,,,,,,,,43,19,,,,,,,,,,,,,,,,,,,,,,,,,,,10.125,13.875,,,,,,,,,,,,,,,,,,,,,,,,,,,,,,,HS,4,,,,,,,,,,,,,HS,2,,,,,,,,,,,,,AA,3,,,,,,,"Adams, Oregon
(45.766679, -118.563094)"
Weston,685,2,7,,1,"32,427.00",N,,,,,,,,,,,,,,,,,,,,,,1,"42,348.00",N,,,,,,,,,,,,,,,,,,,1,"35,486.00",N,,,,,,,,,,,,,,,,,,,1,"47,917.00",N,,,,,,,,,,12,5,8,,,,,,,,,,,,,,,,,,,,,,,,,,,,,,12,15,8,,,,,,,,,,,,,,,,,,,,,,,,,,12,15,8,,,,,,,,,,,,,,,,,,,,,,,,,,12,15,8,,,,,,,,,,,,,,,,,,,,,,,,,,,,,,,,,,,,,,,,,,,,,,,,,,,,,,,,,,,,,,,,,,"Weston, Oregon
(45.816744, -118.425207)"
Tigard,"50,985",5,2,,7,"59,845.00",N,1,"119,932.00",Y,1,"107,515.00",N,1,"119,995.00",Y,,,,1,"130,998.00",Y,1,"116,251.00",N,1,"172,931.00",Y,1,"75,920.00",Y,,,,,,,1,"130,998.00",Y,,,,1,"124,675.00",Y,1,"117,624.00",N,1,"116,313.00",Y,1,"51,936.00",N,1,"141,356.00",Y,,,,,,,,,Y,,,,1,"130,998.00",Y,,,,,,,,,,6,22.75,,,6,,31.375,6,6,,27.75,,6,,27.75,6,,,,,6,,35.25,6,6,,20.875,,6,,40.375,,6,,27.75,,,,,,,,,,6,,40.375,6,,,,,6,,29,6,6,,23.875,6,6,,40.375,6,,,,,6,,40.375,6,,,,,,,,,,,,,,,,,6,,40.375,6,,,,,,,,,,,,,HS,5,BA,5,BA,5,JD,5,,,BA,7,BA,5,BA,10,HS,5,,,,,BA,7,,,BA,7,BA,5,MA,7,,,BA,7,,,,,,,,,BA,7,,,,,,,"Tigard, Oregon
(45.426438, -122.766201)"
Aumsville,"3,970",4,3,17.8,1,"48,384.00",N,,,,,,Y,,,,1,"102,288.00",N,,,,,,Y,,,,1,"53,772.00",N,,,,,,,1,"76,320.00",N,,,,,,,,,Y,,,,0.02,"9,000.00",N,1,"91,620.00",N,,,,,,Y,,,,,,,1,"89,472.00",N,,,,,,,,,,12,18,5,,,,,,,,,,,,,,12,15,2,30.75,,,,,,,,,,,,,12,16,4,,,,,,,,,,12,12,2,,,,,,,,,,,,,,,,,,,,,,12,27,7,8.75,,,,,,,,,,,,,,,,,12,33,7,6.25,,,,,,,,,,,,,HS,4,,,,,,,BA,5,,,,,,,HS,,,,,,BA,1,,,,,,,,,,,AA/DPSST Exec. Certification,5,,,,,,,,,AA +certifications,5,,,,,,,"Aumsville, Oregon
(44.840847, -122.872928)"
Canby,"16,660",5,2,86.67,,"40,082.00",N,,,,,,,,"98,262.00",N,,"144,846.00",N,,,,,,,,,,,"85,104.00",N,,"108,354.09",N,,,,,"96,569.00",N,,,,,"130,278.00",N,,,,,"41,216.00",N,,,,,"130,278.00",N,,"108,354.00",N,,"69,549.00",N,,,,,,,,"88,200.00",N,,"58,952.00",N,,,,,"68,188.02",N,8,14,1,,,,,,,,,,12,15,8,,19,30,8,,,,,,,,,,,,,,12,29,8,,12,25,8,,,,,,12,15,8,,,,,,12,25,8,,,,,,12,18,1,,,,,,12,18,5,,12,25,8,,12,22,1,,,,,,,,,,12,25,8,,12,21,1,,,,,,12,23,3,,HS,4,,,,,JD,5,BA,10,,,,,,,AA,4,BA,7,,,BA,7,,,BA,10,,,HS,4,,,BA,8,BA,5,BA,2,,,,,BA,5,HS,5,,,HS,5,"Canby, Oregon
(45.262264, -122.692129)"
Myrtle Point,"2,535",3,4,,1.9,"40,901.00",N,,,N,,,N,,,Y,,,N,,,N,,,Y,1,"68,500.00",N,,,N,,,N,1,"66,660.00",N,1,"52,548.00",N,,,N,,,N,,,Y,1,"59,100.00",N,,,Y,1,"67,800.00",N,,,N,,,Y,0.1,"49,800.00",N,,,N,,,N,0.34,"19,039.00",N,0.33,"18,479",N,0.33,"18,479.00",N,,,,,,,,,,,,,,,,,,,,,,,,,,,,,,,,,,,,,,,,,,,,,,,,,,,,,,,,,,,,,,,,,,,,,,,,,,,,,,,,,,,,,,,,,,,,,,,,,,,,,,,,,HS,,,,,,JD,,,,,,BA,,BA,,,,,,HS + Fire Certifications,5,AA,,,,,,,,MA,,JD,,,,,,,,,,,,,,,,,,,,"Myrtle Point, Oregon
(43.064029, -124.139136)"
La Grande,"13,245",5,7,,4,"45,942.00",N,,,N,1,"87,000.00",N,,,Y,1,"47,988.00",N,1,"63,720.00",N,1,"73,848.00",,1,"129,672.00",N,1,"63,612.00",N,1,"63,720.00",N,,,N,1,"97,044.00",N,,,,1,"64,332.00",N,,,Y,5,"39,453.00",N,,,N,1,"97,044.00",N,,,N,1,"77,688.00",N,1,"77,688.00",N,,,,1,"97,044.00",N,1,"66,132.00",N,1,"66,132",N,1,"66,132.00",N,12,20,,10,12,20,,10,12,20,,10,,,,,12,20,,10,12,20,,10,12,20,,10,12,20,,10,12,20,,10,12,20,,10,,,,,12,20,,10,,,,,12,20,,10,,,,,12,20,,10,,,,,12,20,,10,,,,,12,20,,10,12,20,,10,,,,,12,20,,10,12,20,,10,12,20,,10,12,20,,10,,,,,,,,,,,,,,,,,,,,,,,,,,,,,,,,,,,,,,,,,,,,,,,,,,,,,"La Grande, Oregon
(45.324565, -118.087985)"
Echo,705,2,7,4.6,,,,,,,,,,,,Y,1,"64,638.00",N,,,,,,Y,,,,,,,,,,,,N,,,,,,,,,,,,,0.5,"16,900.00",N,0.1,500.00,N,,,,,,,,,,,,,,,,1,"57,171.00",N,,,,,,,,,,,,,,,,,,,,,,,,,,,,,,,,,,,,,,,,,,,,,,,,,,,,,,,,,,,,,,,,,,,,,,,,,,,,,,,,,,,,,,,,,,,,,,,,,,,,,,,,,,,,,,,,,,,,,,,,,,,,,,,,,,,,,,,,,,,,,,,,,,,,,,,,,,,,,,,,,,,,,,"Echo, Oregon
(45.742418, -119.192507)"
Independence,"9,340",4,3,51,1,"32,472.00",N,,,,1,"77,916.00",N,,,,,,,,,,,,,1,"120,873.84",N,1,"67,307.00",N,1,"81,812.16",N,,,,1,"81,812.00",N,,,,,,,1,"81,812.00",N,1,"67,307.00",N,,,,1,"109,636.00",N,,,,,,,,,,,,,1,"77,916.00",N,,,,,,,,,,12,12,,,,,,,12,12,,,,,,,,,,,,,,,,,,,12,12,,,12,12,,,12,12,,,,,,,12,12,,,,,,,,,,,12,12,,,12,12,,,,,,,12,12,,,,,,,,,,,,,,,,,,,12,12,,,,,,,,,,,,,,,HS,2,,,HS,2,,,,,,,,,,,HS,2,BA,5,,,BA,2,,,,,BA,2,BA,4,,,BA,3,,,,,,,,,BA,4,,,,,,,"Independence, Oregon
(44.851125, -123.184488)"
Estacada,"3,280",4,2,20,1,"45,868.00",,1,"52,607.00",,,,Y,,,Y,,,,,,,,,Y,1,"97,054.00",,1,"83,839.00",,1,"65,690.00",,,,,,,,,,,,,,,,Y,4,"57,854.00",,,,Y,,,Y,,,,,,Y,,,,,,,1,"76,045.00",,,,,1,"73,872",,,,,12,12,,,12,20,,,,,,,,,,,,,,,,,,,,,,,12,35,,,12,20,,,12,12,,,,,,,,,,,,,,,,,,,,,,,12,17,,,,,,,,,,,,,,,,,,,,,,,,,,,12,25,,,,,,,12,25,,,,,,,HS,4,AA,,,,,,,,,,,,BA,5,BA,5,BA,,,,,,,,,,,,MA,2,,,,,,,,,,,,,HS,3,,,HS,5,,,"Estacada, Oregon
(45.289671, -122.335119)"
Medford,"79,590",5,5,456,9,"43,387.00",N,1,"138,054.00",N,1,"119,737.00",N,1,"129,298.00",N,,,,,,,,,,1,"152,000.00",N,1,"85,021.00",N,,,,1,"141,669.00",N,,,,,,,1,"123,660.00",N,1,"123,660.00",N,,,,,,,1,"153,629.00",N,1,"97,150.00",N,1,"103,360.00",N,1,"114,534.00",N,1,"54,842.00",N,1,"136,023.00",N,1,"119,634.00",N,,,,1,"119,634.00",N,12,17.4,,,12,23.5,,,12,23.5,,,12,23.5,,,,,,,,,,,,,,,12,23.5,,,12,23.5,,,,,,,12,23.5,,,,,,,,,,,12,23.5,,,12,23.5,,,,,,,,,,,12,23.5,,,12,23.5,,,12,23.5,,,12,23.5,,,12,23.5,,,12,23.5,,,12,23.5,,,,,,,12,23.5,,,HS,2,BA,,BA,,JD,,,,,,,,,,AA,5,,,BA,10,,,,,BA,,BA,,,,,,BA,10,BA,,BA,5,BA,5,HS,3,BA,,BA,5,,,BA,5,"Medford, Oregon
(42.326543, -122.872185)"
Central Point,"17,700",5,5,70,,,,,,,1,"95,904.00",,,,Y,,,,1,"112,200.00",,,,Y,1,"137,136.00",,1,"77,700.00",,,,,,,Y,1,"92,000.00",,,,,1,"102,000.00",,1,"112,200.00",,,,,,,Y,1,"109,935.00",,,,,1,"75,600.00",,,,,,,N,1,"112,200.00",,1,"96,940.00",,,,,,,,,,,,,,,,12,15,13,7,,,,,,,,,12,25,13,7,,,,,12,25,13,7,12,25,13,7,,,,,,,,,12,15,13,7,,,,,12,15,13,7,12,20,13,7,,,,,,,,,12,25,13,7,,,,,12,20,13,7,,,,,,,,,12,25,13,7,,,,,12,25,13,7,,,,,BA,5,,,,,,,,,BA,5,,,,,AA,3,,,,,BA,5,,,BA,5,BA,3,,,,,BA,10,,,BA,4,,,,,BA,5,HS,5,,,,,"Central Point, Oregon
(42.375598, -122.914525)"
Depoe Bay,"1,440",3,1,14,1,"44,421.00",N,,,,,,,,,,,,,,,,,,,,,,1,"68,886.00",N,,,,,,,1,"48,829.00",N,1,"44,421.00",N,,,,,,,,,,,,,,,,,,,1,"68,160.00",N,,,,,,,1,"82,581.00",N,,,,1,"51,395.41",N,1,"59,754.02",N,12,15,24,,,,,,,,,,,,,,,,,,,,,,,,,,,,,,12,15,24,,,,,,,,,,12,12,24,,12,15,24,,,,,,,,,,,,,,,,,,,,,,,,,,12,12,24,,,,,,,,,,12,27.5,24,,,,,,12,15,24,,12,15,24,,HS,3,,,,,,,,,,,,,,,Some College,3,,,,,HS,3,,,,,,,,,,,,,,,Some College,3,,,,,HS,4,,,HS,4,HS,4,"Depoe Bay, Oregon
(44.811681, -124.062309)"
Long Creek,195,1,8,0,,,N,,,N,,,N,,,N,,,N,,,N,,,N,,,N,,"8,500.00",,,,N,,,,,"15,000.00",Y,,,N,,,N,,,N,,,N,,,N,,,N,,,N,,,N,,,N,,,N,,,N,,,N,,"7,540",,,"7,540.00",,,,,,,,,,,,,,,,,,,,,,,,,,,,,,,,,,,,,,,,,,,,,,,,,,,,,,,,,,,,,,,,,,,,,,,,,,,,,,,,,,,,,,,,,,,,,,,,,,,,,,,,,,,,,,,,,,,,,,,,,,,,,,,,,,,,,,,,,,,,,,,,,,,,,,,,,,,,,,"Long Creek, Oregon
(44.713766, -119.103827)"
Veneta,"4,785",4,3,16.5,4,"46,989.00",,,,,,,,,,,1,"107,448.00",,1,"76,608.00",,,,,,,,1,"46,920.00",,,,,,,,1,"81,444.00",,,,,,,,,,,,,,,,,,,,,,,1,"56,412.00",,,,,,,,1,"93,264.00",,,,,,,,,,,12,21.875,,,,,,,,,,,,,,,12,20,,12,12,15,,9,,,,,,,,,12,20,,,,,,,,,,,12,20,,9,,,,,,,,,,,,,,,,,,,,,,,,,,,,,12,15,,9,,,,,,,,,12,31,,9,,,,,,,,,,,,,HS,,,,,,,,BA,,BA,5,,,,,AA,5,,,,,BA,5,,,,,,,,,,,,,,,BA,3,,,,,BA,5,,,,,,,"Veneta, Oregon
(44.048869, -123.351532)"
Nehalem,280,1,1,,,,,1,"48,016.00",,,,,,,Y,,,,,,,,,,1,"58,860.00",,,,,,,,,,,,,,,,,,,,,,,,,,,,,,,,,,,,,Y,,,,,,,1,"61,620.00",,,,,1,"43,228",,,,,,,,,12,10,,,,,,,,,,,,,,,,,,,,,,,12,15,,5,,,,,,,,,,,,,,,,,,,,,,,,,,,,,,,,,,,,,,,,,,,,,,,,,,,,,,,,,12,25,,,,,,,12,10,,,,,,,,,BA,3,,,,,,,,,,,BA,7,,,,,,,,,,,,,,,,,,,,,,,,,,,,,Certifications,5,,,Certifications,2,,,"Nehalem, Oregon
(45.71765, -123.896255)"
Siletz,"1,235",2,1,5,,,,,,,,,,,,,,,,,,,,,,,,,1,"60,741.00",N,,,,,,,,,,,,,,,,,,,,,,,,,,,,,,,,,,,,,,,,1,"60,741.00",N,,,,,,,,,,,,,,,,,,,,,,,,,,,,,,,,,,,,,,,,,,12,21,,,,,,,,,,,,,,,,,,,,,,,,,,,,,,,,,,,,,,,,,,,,,,,,,,,,,,,12,21,,,,,,,,,,,,,,,,,,,,,,,,,,,,,,,,,,,,,,,,,,,,,,,,,,,,,,,,,,,,,,,,,,,"Siletz, Oregon
(44.722376, -123.915926)"
Haines,415,1,8,2.9,,,,,,,,,,,,,,,,,,,,,,,,,1,"39,000.00",N,,,,,,,,,,,,,,,,,,,,,,,,,,,,,,,,,,,,,,,,1,"31,200.00",N,,,,,,,,,,,,,,,,,,,,,,,,,,,,,,,,,,,,,,,,,,5,10,,,,,,,,,,,,,,,,,,,,,,,,,,,,,,,,,,,,,,,,,,,,,,,,,,,,,,,5,10,,,,,,,,,,,,,,,,,,,,,,,,,,,,,,,HS,,,,,,,,,,,,,,,,,,,,,,,,,,,,HS,,,,,,,,"Haines, Oregon
(44.912723, -117.93914)"
Shady Cove,"3,105",3,5,5,1,"36,700.00",N,,,,,,,,,,1,"67,300.00",,,,,,,,,,,,,,,,,,,,,,,,,,,,,,,,,,,,,,,,,,,,,,,,,,,,,,,,,,,,,,,,,12,10,,,,,,,,,,,,,,,12,20,,,,,,,,,,,,,,,,,,,,,,,,,,,,,,,,,,,,,,,,,,,,,,,,,,,,,,,,,,,,,,,,,,,,,,,,,,,,,,,,,,,,,,,HS,,,,,,,,BA,,,,,,,,,,,,,,,,,,,,,,,,,,,,,,,,,,,,,,,,,,,,"Shady Cove, Oregon
(42.612, -122.820942)"
Stanfield,"2,145",3,7,12.5,,,N,,,N,,,N,,,N,,,N,,,N,,,Y,1,"65,520.00",N,,,N,,,N,,,N,0.8,"34,560.00",N,,,N,,,N,,,N,0.75,"25,560.00",N,0.05,"13,000.00",N,1,"62,280.00",N,,,N,,,N,,,N,,,N,1,"61,920.00",N,,,N,,,N,,,N,,,,,,,,,,,,,,,,,,,,,,,,,,,,,12,12,,,,,,,,,,,,,,,10,10,,,,,,,,,,,,,,,9,9,,,,,,,12,12,,,,,,,,,,,,,,,,,,,12,12,,,,,,,,,,,,,,,,,,,,,,,,,,,,,BA,5,,,,,,,BA,2,,,,,,,HS,2,BA,5,BA,7.5,,,,,,,,,BA,7.5,,,,,,,"Stanfield, Oregon
(45.78418, -119.217783)"
Ontario,"11,465",5,8,49,,,,,,,,,,,,,,,,1,"84,788.00",N,,,Y,1,"120,000.00",N,1,"59,877.00",N,,,,1,"82,215.00",N,,,Y,,,,,,,1,"43,717.00",N,,,,,,,1,"86,626.00",N,,,,,,,,,Y,,,,,,Y,,,Y,,,Y,,,Y,,,,,,,,,,,,,,,,,,,,,12,17,,,,,,,12,22,,,12,27,,,,,,,12,17,,,,,,,,,,,,,,,12,11,,,,,,,,,,,12,17,,,,,,,,,,,,,,,,,,,,,,,,,,,,,,,,,,,,,,,,,,,,,BA,7.5,,,,,HS,,,,BA,,,,,,,,Tech Degree,,,,,,BA,,,,,,,,,,,,,,,,,,"Ontario, Oregon
(44.024804, -116.975703)"
Troutdale,"16,070",5,2,48.5,1.25,"53,943.00",N,,,,,,,,,Y,,,,1,"104,709.00",N,1,"104,709.00",N,1,"139,050.00",N,1,"77,391.00",N,,,,,,,1,"124,000.00",N,,,,,,,,,,,,,,,Y,,,,,,,1,"64,282.00",N,1,"78,135.00",N,,,,1,"121,214.00",N,1,"90,452.00",N,,,,1,"82,042.00",N,12,15,,,,,,,,,,,,,,,,,,,12,15,,,12,25,,,12,15,,10,12,23,,,,,,,,,,,12,15,,,,,,,,,,,,,,,,,,,,,,,,,,,,,,,12,10,,,12,12,,,,,,,12,15,,,12,25,,,,,,,12,25,,,HS,4,,,,,,,,,BA,5,BA,5,BA,5,HS,6,,,,,BA,5,,,,,,,,,,,,,,,BA,2,BA,4,,,BA,7,HS,5,,,HS,10,"Troutdale, Oregon
(45.540746, -122.385329)"
Albany,"52,710",5,3,394,7,"52,000.00",N,,,,1,"100,110.40",N,,,Y,,,,,,,1,"112,570.00",N,1,"153,462.40",N,1,"79,997.00",N,,,,1,"146,120.00",N,1,"137,842.00",N,,,,1,"128,482.00",N,,,,4,"50,378.00",N,1,"6,932.00",N,1,"137,842.00",N,,,,1,"65,000.00",N,1,"124,134.00",N,,,,2,"136,926.00",N,1,"98,946.00",N,1,"91,603.2",N,1,"88,940.80",N,12,19.5,,,,,,,12,21,,10,,,,,,,,,,,,,12,21,,10,12,15,,10,12,21,,10,,,,,12,21,,10,12,21,,10,,,,,12,21,,10,,,,,12,21,,,2,,,,12,21,,10,,,,,12,21,,10,12,21,,10,,,,,12,21,,10,12,21,,10,12,10.5,,10,12,10.5,,10,AA,3,,,BA,5,,,,,,,BA,6,BA,8,BA,2,,,BA,7,BA,10,,,BA,6,,,MA,5,,,BA,10,,,BA,2,BA,7,,,BA,6,AA,9,AA,9,BA,6,"Albany, Oregon
(44.618595, -123.090339)"
Scio,905,2,3,5,1,"42,152.00",N,,,,,,,,,,,,,,,,,,,1,"79,000.00",N,,,,,,,,,,,,,,,,,,,,,,1,"35,873.00",N,,,,,,,,,,,,,,,,,,,1,"67,680.00",N,,,,,,,,,,12,20,,,,,,,,,,,,,,,,,,,,,,,,,,,12,12,,6,,,,,,,,,,,,,,,,,,,,,,,,,,,,,12,15,,,,,,,,,,,,,,,,,,,,,,,,,,,12,20,,,,,,,,,,,,,,,,,,,,,,,,,,,,,,,,,,,,,,,,,,,,,,,,,,,,,,,,,,,,,,,,,,,"Scio, Oregon
(44.7047, -122.848913)"
Beaverton,"95,685",5,2,566.88,1,"59,188.00",N,1,"171,199.66",N,1,"111,342.00",N,1,"171,200.00",N,,,,1,"154,239.00",N,1,"129,664.00",N,,,,1,"83,230.00",N,,,,,,,1,"157,887.00",N,,,,1,"122,023.00",N,1,"119,574.00",N,10.5,"62,898.00",N,1,"150,405.00",N,1,"157,887.00",,,,,,,,,,,,,,1,,,1,"111,342.00",N,1,"111,342.4",N,,,,6.5,,20,,6.5,,37,3,6.5,,37,3,6.5,,37,3,,,,,6.5,,37,3,6.5,,20,3,,,,,6.5,,31,3,,,,,,,,,6.5,,37,3,,,,,6.5,,25,3,6.5,,25,3,6.5,,20,,6.5,,20,3,6.5,,37,3,,,,,,,,,,,,,,,,,6.5,,37,3,6.5,,37,3,6.5,,37,3,,,,,HS,5,BA,14,BA,8,JD,12,,,BA,12,BA,10,,,AA,5,,,,,BA,12,,,BA,12,BA,10,MA,,JD,7,BA,12,,,,,,,,,BA,12,BA,10,BA,10,,,"Beaverton, Oregon
(45.48652, -122.795841)"
Oakland,945,2,5,,,,,,,,,,,,,,,,,,,,,,,,,,1,"44,675.00",N,,,,,,,,,,,,,,,,,,,,,,,,,,,,,,,,,,,,,,,,1,"46,017.00",N,,,,,,,,,,,,,,,,,,,,,,,,,,,,,,,,,,,,,,,,,,12,10,,,,,,,,,,,,,,,,,,,,,,,,,,,,,,,,,,,,,,,,,,,,,,,,,,,,,,,12,15,,,,,,,,,,,,,,,,,,,,,,,,,,,,,,,,5,,,,,,,,,,,,,,,,,,,,,,,,,,,Certifications,,,,,,,,"Oakland, Oregon
(43.423219, -123.295531)"
Sumpter,205,1,8,2,,,,,,,,,,,,,,,,,,,,,,,,,1,"25,000.00",N,,,,,,,,,,,,,,,,,,,,,,,,,,,,,,,,,,,,,,,,1,"36,000.00",N,,,,,,,,,,,,,,,,,,,,,,,,,,,,,,,,,,,,,,,,,,6,21,,,,,,,,,,,,,,,,,,,,,,,,,,,,,,,,,,,,,,,,,,,,,,,,,,,,,,,6,14,,,,,,,,,,,,,,,,,,,,,,,,,,,,,,,,,,,,,,,,,,,,,,,,,,,,,,,,,,,,,,,,,,,"Sumpter, Oregon
(44.745707, -118.202163)"
Yoncalla,"1,065",2,5,,1,"39,811.00",N,,,,,,,,,,1,"43,700.00",N,,,,,,,,,,,,,,,,,,,,,,,,,,,,,,,,,,,,,,,,,,,,,,,,,,,,,,,1,"32,600.00",N,1,"50,000",N,1,"42,600.00",N,12,14,9,,,,,,,,,,,,,,12,30,9,,,,,,,,,,,,,,,,,,,,,,,,,,,,,,,,,,,,,,,,,,,,,,,,,,,,,,,,,,,,,,,,,,,,,,,,,,12,10,9,,12,15,9,,12,15,9,,HS,,,,,,,,,,,,,,,,,,,,,,,,,,,,,,,,,,,,,,,,,,,,,,HS,1,HS,1,HS,1,"Yoncalla, Oregon
(43.599614, -123.287011)"
Glendale,875,2,5,5,1,"27,102.00",N,,,,,,,,,Y,,,,,,,,,Y,,,,1,"49,250.00",N,,,,,,,,,,,,,,,,,,,,,,,,,,,,,,,,,Y,,,,,,,1,"39,329.00",N,,,,,,,,,,11.99,5,,,,,,,,,,,,,,,,,,,,,,,,,,,,,,,12,5,,,,,,,,,,,,,,,,,,,,,,,,,,,,,,,,,,,,,,,,,,,,,,,,,,,,,,,11.99,5,,,,,,,,,,,,,,,HS,1,,,,,,,,,,,,,,,BA,3,,,,,,,,,,,,,,,,,,,,,,,,,,,HS,,,,,,,,"Glendale, Oregon
(42.738707, -123.426449)"
Jordan Valley,175,1,8,2,,,,,,,,,,,,,,,,,,,,,,,,,1,"12,540.00",,,,,,,,,,,,,,,,,,,,,,,,,,,,,,,,,,,,,,,,,1,"37,212.00",,,,,,,,,,,,,,,,,,,,,,,,,,,,,,,,,,,,,,,,,,,,,,,,,,,,,,,,,,,,,,,,,,,,,,,,,,,,,,,,,,,,,,,,,,,,,,,,,,,12,15,,,,,,,,,,,,,,,,,,,,,,,,,,,,,,,HS,2,,,,,,,,,,,,,,,,,,,,,,,,,,,,,,,,,,,"Jordan Valley, Oregon
(42.980483, -117.053056)"
Rogue River,"2,220",3,5,15,1,"32,472.00",N,,,,,,Y,,,Y,1,"76,716.00",N,,,N,,,Y,,,,1,"46,977.00",N,,,,,,,1,"53,445.00",N,,,,,,,,,,,,,,,Y,1,"61,210.00",N,,,Y,,,Y,,,N,,,,1,"56,546.00",N,,,,,,N,,,,12,10,11,,,,,,,,,,,,,,12,21.495,11,12,,,,,,,,,,,,,12,21.495,11,,,,,,,,,,12,10,11,,,,,,,,,,,,,,,,,,,,,,12,19.95,11,12,,,,,,,,,,,,,,,,,12,10,11,12,,,,,,,,,,,,,HS,5,,,,,,,LGMC Certification,5,,,,,,,HS,5,,,,,HS,5,,,,,,,,,,,HS,5,,,,,,,,,HS,5,,,,,,,"Rogue River, Oregon
(42.434953, -123.170053)"
Drain,"1,160",2,5,10,1,"48,300.00",N,,,,,,,,,,1,"81,000.00",N,,,,,,,,,,,,,,,,,,,,,,,,,,,,,,,,,,,,,,,,,,,,,,,,,,,,1,"79,460.00",N,,,,,,,,,,12,10,,,,,,,,,,,,,,,5,15,,,,,,,,,,,,,,,,,,,,,,,,,,,,,,,,,,,,,,,,,,,,,,,,,,,,,,,,,,,,,,,,,,,,,,,11,21,,,,,,,,,,,,,,,,,,,,,,,,,,,,,,,,,,,,,,,,,,,,,,,,,,,,,,,,,,,,,,,,,,,"Drain, Oregon
(43.662768, -123.315215)"
Harrisburg,"3,655",4,3,13.325,,,,,,,,,,,,,1,"92,460.00",N,,,,,,,,,,1,"61,221.00",N,,,,,,,1,"74,475.00",N,,,,,,,,,,0.825,"35,795.00",N,,,,,,,,,,,,,,,,,,,1,"73,120.00",N,,,,,,,,,,,,,,,,,,,,,,,,,,12,16,,5,,,,,,,,,,,,,12,21,,5,,,,,,,,,12,21,,5,,,,,,,,,,,,,10,21,,,,,,,,,,,,,,,,,,,,,,,,,,,12,11,,5,,,,,,,,,,,,,,,,,,,,,BA,5,,,,,,,AA,,,,,,AA,,,,,,,,AA,,,,,,,,,,,,,,BA,5,,,,,,,"Harrisburg, Oregon
(44.272318, -123.166118)"
Vale,"1,915",3,8,9,1,"35,000.00",N,,,,,,,,,,,,,,,,,,,1,"72,000.00",N,,,,,,,,,,,,,,,,1,"42,000.00",N,1,"5,400.00",Y,,,,1,"10,400.00",Y,,,,,,,,,,1,"31,315.00",N,,,,,,,1,"32,568.00",N,1,"32,568",N,1,"39,360.00",N,12,10,2,,,,,,,,,,,,,,,,,,,,,,,,,,,,,,,,,,,,,,,,,,,,,,,,,,12,10,2,,,,,,,,,,,,,,,,,,,,,,,,,,12,10,2,,,,,,,,,,12,20,2,,12,10,2,,12,20,2,,HS,,,,,,,,,,,,,,,,,,,,,,,,,,,,,,,,,,,,,,,,HS,,,,,,HS,,HS,,HS,,"Vale, Oregon
(43.982637, -117.241111)"
Port Orford,"1,145",2,4,13,,,,,,,,,,,,Y,1,"68,693.00",N,,,,,,,,,,,,,,,,,,,1,"67,952.00",N,,,,,,,,,,,,,,,Y,1,"58,361.00",N,,,,,,,,,,,,,,,,,,,,,,,,,,,,,,,,,,,,,,,,,12,15,,,,,,,,,,,,,,,,,,,,,,,,,,,12,20,,,,,,,,,,,,,,,,,,,,,,,,,,,,,,,,,,,,,,,,,,,,,,,,,,,,,,,,,,,,,,,,,,,,,,,,,,,,,,,,,,,,,,,,,,,,,,,,,,,,,,,,,,,,,,,"Port Orford, Oregon
(42.750444, -124.497362)"
Butte Falls,430,1,5,,,,,,,,,,,,,,,,,,,,,,,,,,0.75,"31,200.00",,,,,0.2,"41,600.00",,0.3,"26,000.00",,,,,,,,,,,,,,,"2,400.00",Y,1,"37,440.00",,,,,,,,,,,,,,0.5,"21,320.00",,,,,0.5,"41,912",,0.5,"41,912.00",,,,,,,,,,,,,,,,,,,,,,,,,,,,,,,,,,10,15,,,,,,,,,,,,,,,,,,,,,,,,,,,,,,,,,,,,5,,,,,,,,,,,,,,,,,,,,,,,,,,,,5,,,4,5,,,,,,,,,,,,,,,,,,,,,,,,,,,,,,,,,,,,,,,,,,,,,,,,,,,,,,,"Butte Falls, Oregon
(42.542525, -122.568706)"
Molalla,"9,610",4,2,55,1,"49,180.00",,,,,,,Y,,,Y,,,N,,,N,,,N,1,"117,000.00",,1,"70,926.00",,,,N,,,N,1,"83,662.00",,,,N,,,N,,,Y,1,"67,725.00",,,,Y,1,"86,803.00",,,,N,1,"61,291.00",,,,N,,,N,1,"84,015.00",,,,N,,,N,,,N,12,36,,,,,,,,,,,,,,,,,,,,,,,,,,,12,36,,,12,36,,,,,,,,,,,12,36,,,,,,,,,,,,,,,12,36,,,,,,,12,36,,,,,,,12,36,,,,,,,,,,,12,36,,,,,,,,,,,,,,,HS,3,,,,,,,,,,,,,MA,10,AA,5,,,,,BA,10,,,,,,,MA,,,,MA,10,,,AA,,,,,,BA,,,,,,,,"Molalla, Oregon
(45.147123, -122.575321)"
Sheridan,"6,185",4,2,,2.5,,N,,,,,,Y,,,Y,,,,,,,,,,1,"89,900.00",N,1,,N,,,,,,,,,,,,,,,,,,,1,,N,,,Y,,,,,,,,,Y,,,,,,,1,,N,,,,,,,,,,8,12,,,,,,,,,,,,,,,,,,,,,,,,,,,8,15,,,8,15,,,,,,,,,,,,,,,,,,,,,,,,,,,8,15,,,,,,,,,,,,,,,,,,,,,,,,,,,,,,,,,,,,,,,,,,,HS,3,,,,,,,,,,,,,BA,7,HS,5,,,,,,,,,,,,,HS,6,,,,,,,,,,,,,HS,7,,,,,,,"Sheridan, Oregon
(45.09412, -123.395467)"
Waterloo,235,1,3,0.25,,,,,,,,,,,,,,,,,,,,,,,,,0.25,"14,681.00",N,,,,,,,,,,,,,,,,,,,,,,,,,,,,,,,,,,,,,,,,,,,0.25,"7,576.00",N,,,,,,,,,,,,,,,,,,,,,,,,,,,,,,,,,,,,,,,,,,,,,,,,,,,,,,,,,,,,,,,,,,,,,,,,,,,,,,,,,,,,,,,,,,,,,,,,,,,,,,,,,,,,,,,,,,,,,,,,,,,,,,,,5,,,,,,,,,,,,,,,,,,,,,,,,,,,,,,,,,,,"Waterloo, Oregon
(44.493944, -122.825249)"
Halfway,290,1,8,4,,,,,,,,,,,,,,,,,,,,,,,,,1,"26,000.00",N,,,,,,,,,,,,,,,,,,,,,,,,,,,,,,,,,,,,,,,,2,"32,300.00",N,1,"30,100.00",N,,,,,,,,,,,,,,,,,,,,,,,,,,,,,,,,,,,,,,,4,4,,,,,,,,,,,,,,,,,,,,,,,,,,,,,,,,,,,,,,,,,,,,,,,,,,,,,,,4.5,,,,5,8,,,,,,,,,,,,,,,,,,,,,,,,,,,HS,1,,,,,,,,,,,,,,,,,,,,,,,HS,2,HS,,,,,,,,,,"Halfway, Oregon
(44.877257, -117.109357)"
King City,"3,630",4,2,12,,,,,,,,,Y,,,Y,,,,,,,,,,1,"97,750.00",N,1,"41,124.00",N,,,,,,,1,"51,405.00",N,,,,,,,,,Y,,,,,,Y,1,"85,000.00",N,,,,,,Y,,,,,,,1,"37,000.00",N,,,,,,,,,,,,,,,,,,,,,,,,,,,,,,,,,,,,,,12,12,24,5,12,12,24,,,,,,,,,,12,12,24,,,,,,,,,,,,,,,,,,,,,,12,12,24,5,,,,,,,,,,,,,,,,,12,12,24,,,,,,,,,,,,,,,,,,,,,,,,,,,,BA,5,,3,,,,,BA,5,,,,,,,,,,,,5,,,,,,,,,,,,,,,,,"King City, Oregon
(45.408295, -122.795749)"
Scappoose,"6,875",4,2,,2,"50,000.00",N,,,,1,"70,000.00",N,,,,,,,,,,1,"98,388.00",N,1,"145,492.00",N,1,"79,176.00",N,,,,,,,1,"95,364.00",N,,,,,,,,,,,,,,,,1,"113,784.00",N,,,,1,"88,224.00",N,,,,,,,1,"98,388.00",N,1,"88,224.00",N,1,"88,224",N,1,"88,224.00",N,12,12,,,,,,,12,12,,,,,,,,,,,,,,,12,12,,,12,12,,,12,12,,,,,,,,,,,12,12,,,,,,,,,,,,,,,,,,,,,,,12,12,,,,,,,12,12,,,,,,,,,,,12,12,,,12,12,,,12,12,,,12,12,,,,2,,,AA,6,,,,,,,BA,5,BA,5,,3,,,,,BA,5,,,,,,,,,,,BA,7,,,BA,4,,,,,,7,,5,,5,,5,"Scappoose, Oregon
(45.757691, -122.877114)"
Amity,"1,640",3,2,9.325,,,,,,,,,Y,,,Y,,,,,,,,,Y,1,"62,500.00",,1,"53,301.00",,,,,,,,,,,,,,,,,,,,0.075,"77,772.00",,,,Y,1,"60,201.00",,,,,,,Y,,,,,,,1,"50,304.00",,,,,,,,,,,,,,,,,,,,,,,,,,,12,12,,5,,,,,,,,,,,,,12,12,,,,,,,,,,,,,,,,,,,,,,,,,,,,,,,,,,,12,12,,,,,,,,,,,,,,,,,,,12,12,,,,,,,,,,,,,,,,,,,,,,,BA,,,,,,,,,2,,,,,,,,,,,,,,,,,,5,,,,,,,,,,4,,,,,,,"Amity, Oregon
(45.114563, -123.204901)"
Happy Valley,"19,985",5,2,,5,"43,213.00",N,1,"100,609.00",,1,"92,572.00",,,,Y,,,,1,"118,081.00",N,1,"92,216.00",N,1,"152,318.00",N,1,"73,067.00",N,1,"123,219.00",N,,,,1,"110,302.00",N,,,,1,"92,471.00",N,1,"77,309.00",N,4.5,"61,830.00",N,,,Y,,,Y,1,"96,238.00",N,1,"66,686.00",N,,,,,,,1,"113,568.00",N,,,,,,,,,,12,10,,,12,30,,,12,10,,5,,,,,,,,,12,30,,,12,10,,5,12,30,,,12,10,,,12,30,,,,,,,12,,,,,,,,12,10,,7.5,12,10,,,12,10,,,,,,,,,,,12,10,,10,12,10,,,,,,,,,,,12,30,,,,,,,,,,,,,,,,5,BA,,,5,,,,,,,BA,5,BA,,,,BA,6,,,BA,3,,,BA,5,,,MA,,,,,,BA,,BA,,,,,,,,,,,,,,"Happy Valley, Oregon
(45.446957, -122.53084)"
Helix,195,1,7,2.25,,,,,,,,,,,,,,,,,,,,,,,,,0.5,"8,000.00",N,,,,,,,,,,,,,,,,,,,0.75,"18,720.00",N,,,,,,,,,,,,,,,,,,,1,"37,632.00",N,,,,,,,,,,,,,,,,,,,,,,,,,,,,,,,,,,,,,,,,,,2,,,,,,,,,,,,,,,,,,,,,,,,,,,,5,,,,,,,,,,,,,,,,,,,,,,,,,,,,10,10,,,,,,,,,,,,,,,,,,,,,,,,,,,,,,,HS,2,,,,,,,,,,,,,HS,2,,,,,,,,,,,,,AA,3,,,,,,,"Helix, Oregon
(45.85144, -118.65564)"
Lincoln City,"8,665",4,1,129,,,,,,,,,,1,"106,510.00",N,,,,1,"99,445.00",N,1,"102,148.00",N,1,"118,830.00",N,1,"69,160.00",N,1,"85,925.00",N,,,,1,"99,445.00",N,,,,1,"85,925.00",N,1,"81,806.00",N,1,"85,925.00",N,1,"19,680.00",Y,1,"104,458.00",N,,,,1,"72,571.00",N,1,"70,658.00",N,,,,1,"104,458.00",N,1,"70,157.00",N,1,"78,458",N,1,"71,158.00",N,,,,,,,,,,,,,12,18,,,,,,,12,28,,,12,25,,,12,18,,,12,25,,,12,25,,,,,,,12,25,,,,,,,12,18,,,12,18,,,12,20,,,12,,,,12,20,,,,,,,12,20,,,12,15,,,,,,,12,34,,,12,28,,,12,28,,,12,15,,,,,,,,,JD,8,,,MA,8,MA,8,MA,8,BA,2,BA,8,,,BA,2,,,BA,8,BA,8,MA,8,JD,,BA,3,,,BA,3,BA,8,,,BA,2,HS + Certifications,,HS + Certifications,,HS + Certifications,,"Lincoln City, Oregon
(44.973845, -124.013402)"
Philomath,"4,710",4,3,25,,,,,,,,,,,"37,800.00",Y,,,,,,,,,,1,"104,628.00",,1,"57,336.00",,,,,,,,1,"94,032.00",,,,,,,,,,,,,,,"26,568.00",Y,1,"89,040.00",,,,,,"23,000.00",Y,,,,,,,1,"85,608.00",,,,,,,,,,,,,,,,,,,,,,,,,,,,,,,,,,,,,,,12,21,,12,12,21,,,,,,,,,,,12,21,,6,,,,,,,,,,,,,,,,,,,,,12,21,,6,,,,,,,,,,,,,,,,,12,21,,6,,,,,,,,,,,,,,,,,,,,,,,,,,,BA,5,,2,,,,,BA,5,,,,,,,,,,,BA,7,,,,,,,,,BA,6,,,,,,,"Philomath, Oregon
(44.540143, -123.36774)"
Creswell,"5,410",4,3,17.75,1,"35,242.00",N,,,N,,,Y,,,Y,1,"111,383.00",N,,,N,,,Y,,,N,1,"56,562.00",N,1,"43,405.00",N,,,N,1,"74,293.00",N,,,N,,,N,,,N,,,N,,,Y,,,Y,,,N,1,"56,577.00",N,,,N,,,N,1,"79,537.00",N,,,N,,,N,,,N,12,15,80,,,,,,,,,,,,,,12,15,10,12,,,,,,,,,,,,,12,15,10,10,12,15,10,0,,,,,12,15,10,10,,,,,,,,,,,,,,,,,,,,,,,,,,,,,12,15,10,,,,,,,,,,12,15,10,10,,,,,,,,,,,,,HS,3,,,,,,,BA,4,,,,,,,HS,3,HS,3,,,BA,5,,,,,,,,,,,,,,,BA,3,,,,,Some College,5,,,,,,,"Creswell, Oregon
(43.917887, -123.024164)"
Dunes City,"1,325",3,4,,,,,,,,,,,,,,,,,,,,,,,,,,0.8,"40,706.00",N,,,,,,,,,,,,,,,,,,,,,,,,,,,,,,,,,,,,,,,,,,,,,,,,,,,,,,,,,,,,,,,,,,,,,,,,,,,,,,,,,,,,,,,,,,,,,,,,,,,,,,,,,,,,,,,,,,,,,,,,,,,,,,,,,,,,,,,,,,,,,,,,,,,,,,,,,,,,,,,,,,,,,,,,,,,,,,,,,,,,,,,,,,,,,,,,,,,,,,,,,,,,,,,,"Dunes City, Oregon
(43.908052, -124.093185)"
Lexington,255,1,7,2,,,,,,,,,,,,,,,,,,,,,,,,,1,,,,,,,,,,,,,,,,,,,,,,,,,,,,,,,,,,,,,,,,,,1,,,,,,,,,,,,,,,,,,,,,,,,,,,,,,,,,,,,,,,,,,,,6,5,,,,,,,,,,,,,,,,,,,,,,,,,,,,,,,,,,,,,,,,,,,,,,,,,,,,,,,4,,,,,,,,,,,,,,,,,,,,,,,,,,,,,,,,,,,,,,,,,,,,,,,,,,,,,,,,,,,,,,,,,,,,"Lexington, Oregon
(45.44637, -119.687903)"
North Powder,445,1,7,2,,,,,,,,,,,,,,,,,,,,,,,,,1,"23,400.00",N,,,,,,,,,,,,,,,,,,,,,,,,,,,,,,,,,,,,,,,,1,"33,180.00",,,,,,,,,,,,,,,,,,,,,,,,,,,,,,,,,,,,,,,,,,,12,15,,,,,,,,,,,,,,,,,,,,,,,,,,,,,,,,,,,,,,,,,,,,,,,,,,,,,,,12,15,,,,,,,,,,,,,,,,,,,,,,,,,,,,,,,HS,,,,,,,,,,,,,,,,,,,,,,,,,,,,HS,,,,,,,,"North Powder, Oregon
(45.02981, -117.919769)"
Florence,"8,745",4,4,64,5,"37,000.00",N,1,"73,400.00",N,,,Y,,,Y,,,,,,,,,Y,1,"127,000.00",N,1,"71,800.00",N,,,,,,,,,Y,,,,1,"47,000.00",N,1,"75,500.00",N,,,,,,Y,1,"105,000.00",N,1,"87,000.00",N,1,"56,300.00",N,,,,,,,1,"116,100.00",N,,,,1,"67,000",N,,,,12,12,3,,12,12,3,5,,,,,,,,,,,,,,,,,,,,,15,15,1,5,15,15,3,5,,,,,,,,,,,,,,,,,12,12,1,,12,12,1,5,,,,,,,,,12,12,1,5,18,18,1,5,12,12,1,,,,,,,,,,15,15,1,5,,,,,15,15,3,5,,,,,HS,2,BA,4,,,,,,,,,,,BA,3,BA,4,,,,,,,,,BA,2,BA,4,,,,,BA,6,BA,6,BA,4,,,,,BA,6,,,HS,5,,,"Florence, Oregon
(43.974666, -124.103128)"
Roseburg,"24,015",5,5,163.6,5,"54,005.00",N,,,,,,,,,,,,,1,"98,988.00",N,1,"113,904.00",N,1,"144,552.00",N,1,"113,904.00",N,,,,1,"121,428.00",N,1,"109,272.00",N,,,,1,"105,768.00",N,1,"94,368.00",N,,,,1,"60,000.00",N,1,"134,040.00",N,,,,,,,,,,,,,1,"130,776.00",N,1,"82,224.00",N,1,"82,224",N,,,,12,21,1,,,,,,,,,,,,,,,,,,12,15,,5,12,20,1,,12,25,,5,12,25,,5,,,,,12,25,,5,12,10,,5,,,,,12,15,,5,12,15,1,,,,,,6,5,,,12,25,,5,,,,,,,,,,,,,,,,,12,20,,5,12,25,1,,12,25,1,,,,,,HS,3,,,,,,,,,BA,5,BA,10,BA,5,BA,5,,,BA,10,BA,5,,,BA,4,AA,3,,,JD,,BA,5,,,,,,,,,BA,5,HS,4,HS,4,,,"Roseburg, Oregon
(43.210497, -123.34528)"
Cascade Locks,"1,310",3,6,15,,,,,,,,,,,,,1,"85,000.00",N,,,,,,,,,,1,"63,544.00",N,,,,1,"49,774.00",N,1,"60,153.00",N,,,,,,,,,,,,,,,,,,,,,,,,,,,,,,,1,"49,400.00",N,,,,,,,,,,,,,,,,,,,,,,,,,,12,25,,,,,,,,,,,,,,,12,25,,,,,,,12,10,,,12,20,,,,,,,,,,,,,,,,,,,,,,,,,,,,,,,,,,,,,,,,,,,12,20,,,,,,,,,,,,,,,,,,,,,,,BA,,,,,,,,AA,,,,HS,,HS,,,,,,,,,,,,,,,,,,,,,,HS,,,,,,,,"Cascade Locks, Oregon
(45.671031, -121.887189)"
Monroe,620,2,3,3.5,,,,,,,,,,,,,1,"62,000.00",N,,,,,,,,,,,,,,,,,,,,,,,,,,,,,,,,,,,,,,,,,,,,,,,,,,,,1,"58,710.00",N,,,,,,,,,,,,,,,,,,,,,,,,,,,,12,,,,,,,,,,,,,,,,,,,,,,,,,,,,,,,,,,,,,,,,,,,,,,,,,,,,,,,,,,,,,,,,,,,,,,,,24,,,,,,,,,,,,,,,,,,,,,,,,,,,,,,,,,,,,,,,,,,,,,,,,,,,,,,,,,,,,,,,,,,"Monroe, Oregon
(44.31402, -123.297035)"
Madras,"6,300",4,6,31,1,"41,958.00",N,,,,,,,,,Y,1,"134,705.00",Y,1,"94,243.00",N,,,Y,1,"63,856.00",N,,,,,,,,,,1,"89,701.00",N,,,,1,"72,400.00",N,,,Y,,,,,,,1,"90,182.00",N,,,,1,"44,159.00",N,,,,,,,1,"96,599.00",N,1,"55,222.00",N,,,,1,"54,887.00",N,12,15,,,,,,,,,,,,,,,12,20,,7.5,12,15,,5,,,,,,,,,12,20,,5,,,,,,,,,12,5,,5,,,,,12,15,,5,,,,,,,,,,,,,12,20,,5,,,,,12,5,,,,,,,,,,,12,15,,5,12,15,,5,,,,,12,20,,5,AA,2,,,,,,,BA,5,BA,5,,,,,AA,3,,,,,BA,5,,,BA+HR certification,3,,,,,,,"BA, AA, or DPSST Exec. Cert.","5,812",,,BA,2,,,,,BA,5,BA,,,,T/C level I,5,"Madras, Oregon
(44.629007, -121.130677)"
Tangent,"1,235",2,3,2.5,,,,,,,,,,,,,,,,,,,,,,1,"73,903.00",N,,,,,,,,,,1,"67,205.00",N,,,,,,,,,,,,,,,,,,,,,,,,,,,,,,,,,,,,,,,,,,,,,,,,,,,,,,,,,,,,,,,,,,,,,,,12,22,,,,,,,,,,,,,,,,,,,12,15,,,,,,,,,,,,,,,,,,,,,,,,,,,,,,,,,,,,,,,,,,,,,,,,,,,,,,,,,,,,,,,,,,,,,BA,3,,,,,,,AA,,,,,,,,,,,,,,,,,,,,,,,,,,,,,,"Tangent, Oregon
(44.544746, -123.110055)"
Spray,160,1,6,0,,,,,,,,,,,,,,,,,,,,,,,,,0,,,,,,,,,,,,,,,,,,,,,,,,,,,,,,,,,,,,,,,,,,,,,,,,,,,,,,,,,,,,,,,,,,,,,,,,,,,,,,,,,,,,,,,,,,,,,,,,,,,,,,,,,,,,,,,,,,,,,,,,,,,,,,,,,,,,,,,,,,,,,,,,,,,,,,,,,,,,,,,,,,,,,,,,,,,,,,,,,,,,,,,,,,,,,,,,,,,,,,,,,,,,,,,,,,"Spray, Oregon
(44.833655, -119.79269)"
Brookings,"6,595",4,4,51,1.5,"44,556.00",N,,,,1,"46,896.00",N,,,Y,,,,,,,,,,1,"111,348.00",N,1,"58,140.00",N,,,,1,"59,832.00",N,1,"92,124.00",N,,,,,,,1,"25,392.00",N,,,,,,Y,1,"92,124.00",N,,,,1,"72,192.00",N,,,,,,,,,,,,,,,,1,"64,092.00",N,,,,,,,,,,,,,,,,,,,,,,,,,,,,,,,,,,,,,,,,,,,,,,,,,,,,,,,,,,,,,,,,,,,,,,,,,,,,,,,,,,,,,,,,,,,,,,,,,,,,,,,,,,,,,,,,,,,,,,,,,,,,,,,,,,,,,,,,,,,,,,,,,,,,,,,,,,,,,"Brookings, Oregon
(42.058504, -124.293156)"
Joseph,"1,120",2,7,,1,"15,600.00",N,,,,,,,,,,1,"80,000.00",N,,,,,,,,,,,,,,,,1,"14,400.00",N,,,,,,,,,,,,,1,"13,520.00",N,,,,,,,,,,,,,,,,,,,1,"53,000.00",N,,,,,,,,,,,,,,,,,,,,,,,,,,12,12,,,,,,,,,,,,,,,,,,,,,,,,,,,,,,,,,,,,,,,,,,,6,6,,,,,,,,,,,,,,,,,,,,,,,,,,,18,12,,,,,,,,,,,,,,,,,,,,,,,,,,,,,,,,,,,,,,,,,,,,,,,,,,,,,,,,,,,Certifications,1,,,,,,,"Joseph, Oregon
(45.351388, -117.229843)"
Wilsonville,"24,315",5,2,152,6,"53,304.00",N,1,"11,277.36",N,1,"116,757.00",N,1,"146,614.00",N,,,,1,"137,313.00",N,,,,1,"13,416.67",N,1,"60,600.00",N,1,"95,981.16",N,,,,1,"131,258.00",N,,,,1,"98,463.00",N,1,"98,247.00",N,6.5,"50,959.00",N,0.1,"19,136.00",N,,,,1,"120,516.00",N,3,"71,948.00",N,1,"117,810.00",N,1,"107,608.00",N,1,"131,947.00",N,1,"75,833.00",N,1,"85,059.24",N,,,,12,17,,,12,25.5,,,12,22.5,,,12,19.5,,,,,,,12,28.5,,,,,,,12,20,,,12,16.5,,,12,16.5,,,,,,,12,19.5,,,,,,,12,19.5,,,12,25.5,,,5.7,13.3,,,0.31,,,,,,,,12,28.5,,,12,13.7,,,12,19.5,,,12,19.5,,,12,25.5,,,12,16.5,,,12,16.5,,,,,,,HS,3,BA,5,BA,5,JD,5,,,BA,7,,,BA,8.5,AA,4,BA,6,,,BA,5,,,BA,2,BA,4,MA,2,JD,,,,BA,4,BA,4,BA,4,BA,2,BA,5,AA,4,AA,2,,,"Wilsonville, Oregon
(45.302941, -122.777992)"
West Linn,"25,695",5,2,130.48,2,"66,368.00",N,,,,1,"91,519.00",N,,,,,,,1,"125,210.00",N,1,"101,794.00",,1,"141,679.99",N,1,"96,091.00",N,,,,,,,1,"115,000.00",N,,,,1,"100,618.00",N,1,"106,887.00",N,,,,1,"53,052.00",N,,,,,,,3,"68,179.00",N,1,"86,378.00",N,,,,1,"120,324.00",N,1,"87,003.00",N,1,"73,740.75",N,1,"87,003.05",N,12,20,,,,,,,12,28,,3,,,,,,,,,12,22,,6,,,,,12,17,,6,12,22,,6,,,,,,,,,12,28,,6,,,,,12,22,,6,12,22,,6,,,,,,,,,,,,,,,,,,,,,,,,,,,,,12,22,,6,12,28,,,12,28,,,12,28,,,HS,3,,,HS,5,,,,,MA,10,BA,4,BA,10,BA,5,,,,,BA,6,,,BA,7,BA,5,,,,,,,,,,,,,,,BA,5,HS,5,HS,5,HS,5,"West Linn, Oregon
(45.366717, -122.614439)"
Union,"2,150",3,7,,0.5,"53,000.00",,,,N,,,,,,Y,0.5,"60,000.00",N,,,,,,Y,,,,0.25,"60,000.00",N,,,,0.25,"9,600.00",,,,,,,,,,,,,Y,1,"35,000.00",N,,,Y,,,,,,,0.25,"60,000.00",N,,,,,,,0.5,"53,000.00",N,0.5,"60,000.00",N,0.5,"60,000",N,1,"53,000.00",N,12,12,,5,,,,,,,,,,,,,12,12,,5,,,,,,,,,,,,,12,12,,5,,,,,,,,,,,,,,,,,,,,,,,,,12,15,,,,,,,,,,,,,,,12,12,,5,,,,,,,,,12,12,,5,12,20,,,12,20,,,12,15,,,HS,4,,,,,,,,,,,,,,,HS,6,,,,,,,,,,,,,HS,4,,,,,,,,,,,,,HS,4,HS,4,HS,4,HS,3,"Union, Oregon
(45.209253, -117.865444)"
Powers,695,2,4,,,,,,,,,,,,,Y,,,,,,,,,,,,,1,"33,280.00",,,,,0.13,"3,516.00",,,"26,000.00",Y,,,,,,,,,,1,"31,388.00",,,,,1,"49,920.00",,,,,,,,,,,,,,1,"31,200.00",,,,,,,,,,,,,,,,,,,,,,,,,,,,,,,,,,,,,,,,,,,12,14,,,,,,,1.56,1.82,,,,,,,,,,,,,,,,,,,12,14,,,,,,,12,14,,,,,,,,,,,,,,,,,,,12,14,,,,,,,,,,,,,,,,,,,,,,,,,,,,,,,AA,2,,,,,,,,,,,,,,,,,,3.5,,,,,,,,,,,,,,,,,"Powers, Oregon
(42.887651, -124.073857)"
Ashland,"20,700",5,5,263.82,3,"52,732.00",N,1,"94,232.00",N,1,"94,232.00",N,1,"139,263.00",N,1,"146,139.00",N,1,"126,316.00",N,,,,,,,1,"89,379.00",N,,,,1,"123,235.00",N,1,"123,235.00",N,,,,1,"114,504.00",N,,,,,,,0.5,"60,745.00",N,1,"126,316.00",N,,,,1,"98,941.00",N,1,"123,316.00",N,1,"66,967.00",N,1,"123,316.00",N,1,"73,833.00",N,1,"84,984",N,1,"84,984.00",N,12,,,,12,Based On Longevity,,5,12,Based On Longevity,,5,12,Based On Longevity,,5,12,,,5,12,Based on Longevity,,5,,,,,,,,,,,,,,,,,12,Based On Longevity,,5,12,,,5,,,,,12,,,5,,,,,,,,,,,,,12,,,5,,,,,12,,,5,12,Based On Longevity,,5,12,Based On Longevity,,5,12,,,5,12,,,,12,,,,12,,,,Some College,2,BA,2,BA + Certification,5,JD,5,,5,BA,6,,,,,,,,,BA,6,BA,6,,,BA,5,,,,,,,BA,6,,,BA,5,BA,5,BA,4,BA,6,Some College,5,Some College,5,Some College,5,"Ashland, Oregon
(42.190417, -122.703274)"
Sodaville,335,1,3,1.25,,,,,,,,,,,,,0.5,"27,000.00",,,,,,,,,,,,,,,,,,,,,,,,,,,,,,,,,,,,,,,,,,,,,,,,,,,,,0.75,"39,500.00",,,,,,,,,,,,,,,,,,,,,,,,,,,12,15,,,,,,,,,,,,,,,,,,,,,,,,,,,,,,,,,,,,,,,,,,,,,,,,,,,,,,,,,,,,,,,,,,,,,,,12,15,,,,,,,,,,,,,,,,,,,,,,,,,,,,,,,,,,,,,,,,,,,,,,,,,,,,,,,,,,,Certifications,,,,,,,,"Sodaville, Oregon
(44.481948, -122.868792)"
Hermiston,"17,985",5,7,104.5,,,,1,"100,548.00",,1,"82,812.00",,,,Y,,,,,,,,,,1,"137,330.00",,1,"62,928.00",,,,,,,,1,"100,548.00",,,,,,,,,,,1,"74,784.00",,1,"29,364.00",,1,"100,548.00",,,,,1,"88,644.00",,1,"88,644.00",,,,,,,,1,"82,812.00",,1,"82,812",,1,"82,812.00",,,,,,15,27,2,,15,27,2,,,,,,,,,,,,,,,,,,15,27,2,,15,27,2,,,,,,,,,,15,27,2,,,,,,,,,,,,,,15,27,2,,,,,,15,27,2,,,,,,15,27,2,,15,27,2,,,,,,,,,,15,27,2,,15,27,2,,15,27,2,,,,AA,5,Certification,5,,,,,,,,,BA,5,AA,5,,,,,BA,4,,,,,,,MA,5,,,DPSST,5,BA,,,,BA,3,,,,,,6,2,5,Certifications,5,"Hermiston, Oregon
(45.841443, -119.290232)"
Lyons,"1,180",2,3,3.52,0.6,"8,100.00",,,,,,,,,,,,,,,,,,,,,,,1,"40,000.00",,,,,,,,,,,,,,,,,,,,1.04,"38,000.00",,,,,,,,,,,,,,,,,,,,0.88,"23,000.00",,,,,,,,,,,,,,,,,,,,,,,,,,,,,,,,,,,,,,,,,,,12,14,,,,,,,,,,,,,,,,,,,,,,,,,,,12,21,,,,,,,,,,,,,,,,,,,,,,,,,,,,,,,,,,,,,,,,,,,HS,1,,,,,,,,,,,,,,,AA,1,,,,,,,,,,,,,HS,1,,,,,,,,,,,,,HS,1,,,,,,,"Lyons, Oregon
(44.77934, -122.616251)"
Pendleton,"16,890",5,7,139,1,"52,728.00",N,,,,1,"72,564.00",N,1,"114,972.00",N,,,,1,"110,364.00",N,1,"110,364.00",N,1,"121,176.00",,1,"94,836.00",N,1,"94,860.00",N,1,"110,364.00",N,1,"110,364.00",N,,,,1,"94,836.00",N,,,,1,"77,556.00",N,1,"60,000.00",,1,"110,364.00",N,,,,1,"63,576.00",N,1,"93,948.00",N,,,,1,"110,364.00",N,1,"82,344.00",N,1,"82,344",N,1,"82,344.00",N,12,15,,2,,,,,12,10,,2,12,20,,2,,,,,12,20,,2,12,20,,2,12,25,,2,12,15,,2,12,10,,2,12,20,,2,12,20,,2,,,,,12,15,,2,,,,,12,20,,2,6,12,,,12,20,,2,,,,,12,10,,2,12,20,,2,,,,,12,20,,2,12,20,,2,12,20,,2,12,20,,2,AA,4,,,AA,4,JD,3,,,BA,3,BA,3,BA,6,BA,5,BA,2,BA,5,BA,1,,,BA,5,,,MA,5,JD,5,BA,7,,,BA,5,BA,5,,,BA,5,HS,7,HS,7,HS,4,"Pendleton, Oregon
(45.672699, -118.787492)"
Culver,"1,420",3,6,3.25,,,N,,,N,,,Y,,,Y,,,,,,Y,,,Y,1,"65,203.00",,,,N,,,N,,,Y,,,N,,,N,,,N,,,N,,,N,,,N,,,N,,,N,,,Y,,,N,,,N,1,"45,600.00",N,,,N,,,N,,,N,,,,,,,,,,,,,,,,,,,,,,,,,,,,,12,,,,,,,,,,,,,,,,,,,,,,,,,,,,,,,,,,,,,,,,,,,,,,,,,,,,,,,,,,,,12,,,,,,,,,,,,,,,,,,,,,,,,,,,,,,BA,,,,,,,,,,,,,,,,,,,,,,,,,,,,,,Certifications,1,,,,,,,"Culver, Oregon
(44.523458, -121.210055)"
Wallowa,805,2,7,,1,"30,000.00",N,,,,,,,1,"84,000.00",N,,,,,,,,,,,,,1,"37,000.00",N,,,,,,N,,,,,,,,,,,,,1,,N,,,,,,,,,,,,,1,"30,700.00",N,,,,1,"60,600.00",N,,,,,,,,,,12,10,88,,,,,,,,,,,,,,,,,,,,,,,,,,,,,,12,15,11,,,,,,,,,,,,,,,,,,,,,,,,,,,,,,,,,,,,,,,,,,,,,,12,15,11,,,,,,12,15,11,,,,,,,,,,,,,,HS,3,,,,,,,,,,,,,,,HS,5,,,,,,,,,,,,,,,,,,,,,,,HS,1,,,Certifications,10,,,,,,,"Wallowa, Oregon
(45.570145, -117.526825)"
Malin,815,2,5,3,,,,,,,,,,,,Y,,,,,,,,,,,,,1,"42,022.00",N,,,,,,,,,,,,,,,,,,,,,,,,,1,"49,734.00",N,,,,,,,,,,,,,1,"54,600.00",N,,,,,,,,,,,,,,,,,,,,,,,,,,,,,,,,,,,,,,,,,,7,15,,,,,,,,,,,,,,,,,,,,,,,,,,,,,,,,,,,7,15,,,,,,,,,,,,,,,,,,,7,15,,,,,,,,,,,,,,,,,,,,,,,,,,,,,,,HS,,,,,,,,,,,,,,,,,,HS,,,,,,,,,,HS,,,,,,,,"Malin, Oregon
(42.013698, -121.408352)"
Prineville,"9,880",4,6,67,,,,,,,,,,,,Y,,,,,,,,"110,471.00",,1,"130,000.00",,1,"60,605.00",,,,,,,,1,"110,471.00",,,,,1,"66,830.00",,1,"95,388.00",,,,,,,,1,"116,770.00",,1,"81,900.00",,,,,,,,,,,0.5,,,0.33,"76,313.00",,0.33,,,0.33,,,,,,,,,,,,,,,,,,,,,,,,,,,12,18,,10,12,15,,10,12,15,,10,,,,,,,,,12,21,,10,,,,,12,12,,10,12,12,,10,,,,,,,,,12,12,,10,12,12,,10,,,,,,,,,,,,,,,,,12,18,,10,,,,,,,,,,,,,,,,,,,,,BA,5,BA,8,AA,5,,,,,BA,5,,,BA,5,BA,4,,,,,BA,10,BA,5,,,,,,,,,BA,10,,,,,"Prineville, Oregon
(44.30288, -120.847101)"
Condon,685,2,6,,0.5,"15,600.00",N,,,,,,,,,Y,1,"57,500.00",,,,,,,Y,,,,,,,,,,,,Y,,,,,,,,,,,,,,,,,,Y,1,"48,000.00",,,,,,,Y,,,,,,,1,"45,000.00",,,,,,,,,,,4,,,,,,,,,,,,,,,,,,,,,,,,,,,,12,18,3,,,,,,,,,,,,,,,,,,,,,,,,,,,,,,,,,,,,,,12,12,3,,,,,,,,,,,,,,,,,,12,12,3,,,,,,,,,,,,,,,,,,,,,,,,,,,,,,,,,,,,,,,,,,,,,,,,,,,,,,,,,,,,,,,,,,"Condon, Oregon
(45.237125, -120.185848)"
Halsey,925,2,3,4.75,1,"39,062.00",N,,,,,,,,,,1,"59,051.00",N,,,,,,,,,,,,,,,,,,,,,,,,,,,,,,,0.25,"82,548.00",N,,,,,,,,,,,,,,,,,,,1,"58,697.00",N,,,,,,,,,,12,10,,,,,,,,,,,,,,,12,10,,,,,,,,,,,,,,,,,,,,,,,,,,,,,,,,,,,,,,,,,,,6,5,,,,,,,,,,,,,,,,,,,,,,,,,,,12,20,,,,,,,,,,,,,,,HS,3,,,,,,,BA,10,,,,,,,,,,,,,,,,,,,,,BA,4,,,,,,,,,,,,,HS  + Certifications,,,,,,,,"Halsey, Oregon
(44.384011, -123.109806)"
Carlton,"2,205",3,2,,,,,,,,,,,,,Y,,,,,,,,,Y,1,"92,085.00",,1,"42,830.00",,,,,,,,1,"68,470.00",,,,,,,,,,Y,,,,,,Y,1,"83,424.00",,,,,,,Y,,,,,,,1,"73,735.00",,,,,,,,,,,,,,,,,,,,,,,,,,,,,,,,,,,,,,,8,20,,6.25,8,12,,,,,,,,,,,8,12,,5,,,,,,,,,,,,,,,,,,,,,8,20,,5,,,,,,,,,,,,,,,,,8,15,,40,,,,,,,,,,,,,,,,,,,,,,,,,,,BA,5,,,,,,,,5,,,,,,,,,,,BA,5,,,,,,,,,,5,,,,,,,"Carlton, Oregon
(45.294187, -123.175631)"
Sandy,"10,855",5,2,69.71,1.5,"43,656.00",N,,,,1,"66,852.00",N,,,Y,,,,,,N,,,Y,1,"100,512.00",N,0.5,"43,656.00",N,1,"56,784.00",N,,,,1,"85,392.00",N,,,,1,"66,852.00",N,1,"85,392.00",N,3,"66,312.00",N,,,Y,1,"92,640.00",N,1,"85,392.00",N,2,"56,784.00",N,1,"85,392.00",N,,,,1,"85,392.00",N,0.33,"56,784.00",N,0.34,"56,784",N,0.33,"56,784.00",N,15,15,,,,,,,15,15,,,,,,,,,,,,,,,,,,,15,20,,5,15,15,,,15,15,,,,,,,15,20,,,,,,,15,15,,,15,20,,,15,16.67,,,,,,,15,20,,,15,20,,,15,15,,,15,20,,,,,,,15,20,,,15,15,,,15,15,,,15,15,,,HS,2,,,HS,2,,,,,BA,2,,,MA,5,HS,2,BA,2,,,BA,2,,,BA,3,BA,2,BA,2,,,BA,5,,,BA,2,BA,2,,,BA,2,HS,2,HS,2,HS,2,"Sandy, Oregon
(45.396306, -122.25974)"
Lafayette,"4,095",4,2,9.25,2,"40,548.00",,1,"63,780.00",,,,Y,,,Y,1,"92,640.00",,,,,,,Y,,,,,,,,,,0.5,"65,458.00",,0.75,"48,818.00",,,,,,,,,,Y,,,,,,Y,,,,,,,,,Y,,,,,,,1,"60,000.00",,2,"36,600.00",,,,,1,"67,380.00",,,,29,,,,24,,,,,,,,,,,,29,,,,,,,,,,,,,,,,,,,,,,,,17,,,,25.875,,,,,,,,,,,,,,,,,,,,,,,,,,,,,,,,,,,,,,,,,,,,29,,,,24,,,,,,,,34,,HS,3,BA,5,,,,,BA,5,,,,,,,,,,,BA,7,HS,3,,,,,,,,,,,,,,,,,,,,,HS,5,HS,2,,,HS,5,"Lafayette, Oregon
(45.244133, -123.111734)"
Wood Village,"3,920",4,2,,4,"50,000.00",,,,,,,Y,,,Y,,,,,,,,,,1,"120,000.00",,,,,,,,,,y,1,"101,000.00",,,,,1,"75,000.00",,,,Y,,,,,,,,,Y,,,,,,Y,,,,,,,1,"101,000.00",,,,,,,,,,,12,17.5,,,,,,,,,,,,,,,,,,,,,,,,,,,12,15,,,,,,,,,,,,,,,12,,,5,,,,,12,17.5,,5,,,,,,,,,,,,,,,,,,,,,,,,,,,,,,,,,12,17.5,,5,,,,,,,,,,,,,AA,3,,,,,,,,,,,,,MA,,,,,,,,BA,5,,,BA,,,,,,,,,,,,,,,,,,BA,5,,,,,,,"Wood Village, Oregon
(45.537125, -122.41839)"
The Dalles,"14,625",5,6,102,3,"40,959.00",N,,,,,,,1,"110,185.00",N,,,,,,,3,"78,483.00",N,1,"117,700.00",N,,,,,,,,,,1,"83,262.00",N,,,,1,"80,837.00",N,1,"76,197.00",N,1,"85,760.00",N,0.25,"40,700.00",N,1,"99,419.00",N,1,"93,712.00",N,2,"61,442.00",N,,,,,,,1,"99,419.00",N,1,"69,731.00",N,1,"76,196.61",N,1,"76,196.61",N,12,15,2,,,,,,12,23,2,7,,,,,,,,,,,,,12,15,2,5,12,23,2,7,,,,,,,,,,,,,12,12,2,7,,,,,12,12,2,7,12,15,2,5,12,12,2,7,,,,,12,12,2,7,12,12,2,7,12,13.5,2,5,,,,,,,,,12,20,2,7,12,12,2,5,12,20,2,5,12,15,2,5,HS,1,,,,,JD,3,,,,,BA,6,BA,5,,,,,,,BA,4,,,BA,5,BA,6,BA,1,JD,1,HS,10,BA,5,BA,5,,,,,BA,10,HS,4,BA,6,BA,6,"The Dalles, Oregon
(45.598975, -121.178886)"
Keizer,"38,345",5,3,90.5,1,"51,262.00",,,,,,,,1,"123,240.00",,,,,1,"111,758.00",,,,Y,1,"135,844.50",,1,"87,631.00",,,,,,,,1,"111,758.00",,,,,1,"111,758.00",,,,,,,,,,Y,1,"123,240.00",,,,,,,,,,,,,,1,"111,758.00",,,,,,,,,,,12,25,,,,,,,,,,,12,25,,,,,,,12,25,,,,,,,12,25,,,12,25,,,,,,,,,,,12,25,,,,,,,12,25,,,,,,,,,,,,,,,12,25,,,,,,,,,,,,,,,,,,,12,25,,,,,,,,,,,,,,,HS,1,,,,,,5,,,BA,5,,,BA,5,BA,4,,,,,BA,5,,,BA,5,,,,,,,BA,10,,,,,,,,,BA,5,,,,,,,"Keizer, Oregon
(45.004433, -123.025591)"
Fairview,"8,975",4,2,24.8125,6,"51,754.00",N,,,N,,,Y,,,Y,1,"124,848.00",N,,,N,2,"59,820.00",N,,,N,1,"78,780.00",N,,,N,,,Y,1,"107,160.00",N,,,N,,,N,0.875,"67,536.00",N,,,N,,,Y,,,Y,,,N,1.9375,"63,816.00",N,1,"64,656.00",N,,,N,1,"107,160.00",N,,,N,1,"82,932",N,,,N,12,13.5,12,,,,,,,,,,,,,,12,15,12,10,,,,,12,10,12,,,,,,12,18,12,,,,,,,,,,12,20,12,5,,,,,,,,,10.5,17.5,10.5,,,,,,,,,,,,,,,,,,12,10,12,,12,10,12,5,,,,,12,,12,5,,,,,12,25,12,,,,,,HS,2,,,,,,,,,,,BA,2,,,HS,,,,,,,,,,,,BA,3,,,,,,,,,BA,5,BA,2,,,BA,7,,,Equivalent to high school plus broad training equal to 2 yrs. College & 6 yrs. Experience in operation of Public Works Dept.,,,,"Fairview, Oregon
(45.538431, -122.435015)"
Myrtle Creek,"3,490",4,5,,,,,,,,,,,,,Y,1,"86,000.00",,,,,,,Y,,,,1,"39,900.00",,,,,,,Volunteer,1,"57,708.00",,,,,,,,,,,,,,,,Y,1,"76,212.00",,,,,,,Y,,,,,,,1,"59,148.00",,,,,,,,1,"53,436.00",,,,,,,,,,,,,,,,,,12,15,,10,,,,,,,,,,,,,12,10,,,,,,,,,,,,,,,,,,,,,,,,,,,,,,,,,,,12,15,,10,,,,,,,,,,,,,,,,,12,15,,10,,,,,,,,,12,15,,,,,,,,,JD,,,,,,PE,,,,,,,,Fire Certifications,,,,,,,,,,,,JD,,DPSST,,,,,,,,,,Certifications,,,,,,Certifications,,"Myrtle Creek, Oregon
(43.027485, -123.286265)"
Durham,"1,880",3,2,1.69,0.7,"31,092.00",N,,,,,,,,,,1,"65,400.00",N,,,,,,,,,,,,,,,,,,,,,,,,,,,,,,,,,,,,,,,,,,,,,,,,,,,,,,,,,,,,,,,,11,11,10,,,,,,,,,,,,,,12,15,10,,,,,,,,,,,,,,,,,,,,,,,,,,,,,,,,,,,,,,,,,,,,,,,,,,,,,,,,,,,,,,,,,,,,,,,,,,,,,,,,,,,,,,,,,,,,,,BA,,,,,,,,,,,,,,,,,,,,,,,,,,,,,,,,,,,,,,,,,,,,"Durham, Oregon
(45.39552, -122.755241)"
Brownsville,"1,705",3,3,5,3,"32,000.00",N,,,,,,,,,,1,"85,000.00",N,,,,,,,,,,,,,,,,,,,,,,,,,,,,,,,1,"32,000.00",N,,,,,,,,,,,,,,,,,,,1,"78,000.00",N,,,,,,,,,,11,12,,,,,,,,,,,,,,,12,15,,10,,,,,,,,,,,,,,,,,,,,,,,,,,,,,,,,,,,,,,,,,10,12,,,,,,,,,,,,,,,,,,,,,,,,,,,12,15,,10,,,,,,,,,,,,,HS,2,,,,,,,BA,2,,,,,,,,,,,,,,,,,,,,,HS,1,,,,,,,,,,,,,Some College,1,,,,,,,"Brownsville, Oregon
(44.387033, -122.985698)"
Scotts Mills,370,1,2,0.62,,,,,,,,,,,,Y,,,,,,,,,Y,,,,,"11,725.00",,,,,,,,,,,,,,,,,,,,,,,,,,,,,,,,,,Y,,,,,,,,,,,80.00,,,"13,051",,,,,,,,,,,,,,,,,,,,,,,,,,,,,,,,,,,,,,,,,,,,,,,,,,,,,,,,,,,,,,,,,,,,,,,,,,,,,,,,,,,,,,,,,,,,,,,,,,,,,,,,,,,,,,,,,,,,,,,,,,,,,,,,,,,,,,,,,,,,,,,,,,,,,,,,,,,,,,,,,"Scotts Mills, Oregon
(45.043354, -122.668012)"
Newberg,"23,480",5,2,144.33,3,"55,488.00",N,,,,1,"89,316.00",N,1,"128,532.00",N,,,,1,"103,158.00",,1,"98,598.00",N,1,"142,944.00",N,1,"74,724.00",N,,,,,,N,1,"108,990.00",N,,,,1,"100,008.00",N,1,"105,840.00",N,1,"100,008.00",N,0.2,"33,696.00",N,1,"123,360.00",N,,,,,,,,,,1,"64,002.00",N,1,"108,990.00",N,1,"86,046.00",N,1,"77,892",N,1,"77,892.00",N,,,,,,,,,,,,,,,,,,,,,,,,,,,,,,,,,,,,,,,,,,,,,,,,,,,,,,,,,,,,,,,,,,,,,,,,,,,,,,,,,,,,,,,,,,,,,,,,,,,,,,,,,,,,,,,,,,,,,,,,,,,,,,,,,,,,,,,,,,,,,,,,,,,,,,,,,,,,,"Newberg, Oregon
(45.300317, -122.979156)"
Springfield,"60,655",5,3,,1,"41,891.00",N,,,,1,"85,459.00",N,,,,,,,,,,1,"101,836.00",N,1,"161,678.00",Y,1,"74,796.00",N,,,,,,,1,"124,404.00",N,,,,1,"115,502.00",N,1,"124,404.00",N,5,"58,385.00",N,1,"105,268.00",Y,1,"130,603.00",N,,,,,,,,,,1,"106,350.00",N,1,"125,944.00",N,,,,,,,,,,12,,,,,,,,12,,,,,,,,,,,,,,,,12,,,,12,,,,12,,,,,,,,,,,,12,,,,,,,,12,,,,12,,,,12,,,,12,,,,12,,,,,,,,,,,,,,,,12,,,,12,,,,,,,,,,,,,,,,HS,3,,,AA,4,,,,,,,BA + PE,5,,,BA,2,,,,,BA,7,,,BA,7,BA,7,BA,2,JD,5,BA,7,,,,,,,BA,7,BA,7,,,,,,,"Springfield, Oregon
(44.046191, -123.022054)"
Hood River,"7,955",4,6,64.1,2,"46,939.00",N,1,"105,250.00",N,,,Y,,,Y,,,,,,,,,Y,1,"145,000.00",N,1,"52,593.00",N,,,,1,"99,750.00",N,,,,,,,1,"82,220.00",N,,,Y,,,,,,Y,1,"101,113.00",N,1,"95,000.00",N,1.8,"70,792.00",N,,,,,,Y,1,"101,113.00",N,1,"75,000.00",N,,,,,,,12,15,,,12,10,,40,,,,,,,,,,,,,,,,,,,,,12,15,,5,12,15,,,,,,,12,10,,5,,,,,,,,,12,12,,5,,,,,,,,,,,,,12,21,,5,12,10,,5,12,15,,,,,,,,,,,12,21,,40,12,10,,,,,,,,,,,HS,,BA,5,,,,,,,,,,,,,HS,5,,,Fire Certifications,5,,,,,BA,3,,,,,,,BA,5,BA,5,BA,4,,,,,BA,6,AA + Certifications,10,,,,,"Hood River, Oregon
(45.708799, -121.525257)"
Lostine,215,1,7,1,,,,,,,,,,,,,,,,,,,,,,,,,0.5,"12,000.00",N,,,,,,,,,,,,,,,,,,,,,,,,,,,,,,,,,,,,,,,,,,,,,,0.5,"15,556.25",N,,,,,,,,,,,,,,,,,,,,,,,,,,,,,,,,,,,,,,,,,,,,,,,,,,,,,,,,,,,,,,,,,,,,,,,,,,,,,,,,,,,,,,,,,,,,,,,,,,,,,,,,,,,,,,,,,,,,,,,,,,,,,,,,,,,,,,,,,,,,,,,,,,,,,,,,,,,,Certifications,,,,"Lostine, Oregon
(45.486019, -117.427864)"
McMinnville,"33,665",5,2,209,0.5,"21,659.00",N,,,,1,"90,788.00",N,1,"131,443.00",N,,,,,,,,,,1,"153,306.19",N,0.5,"31,387.00",N,,,,1,"128,227.00",N,1,"119,107.00",N,,,,,,,1,"93,116.00",N,1,"102,668.00",N,0.2,"35,591.00",N,1,"128,227.00",N,1,"113,443.00",N,1,"65,853.00",N,,,,,,,1,"131,443.00",N,1,"95,372.00",,,,,1,"100,196.10",N,6,5,2,,,,,,12,12.5,2,3,12,15,2,5,,,,,,,,,,,,,12,15,2,5,6,6.25,2,,,,,,12,25,2,5,12,18,2,5,,,,,,,,,12,15,2,5,12,18,2,5,,,,,12,20,2,5,12,15,2,5,12,10,2,5,12,15,2,5,,,,,12,20,2,5,12,20,2,3,,,,,12,25,2,3,HS,,,,Certification,,JD,5,,,,,,,BA,10,BA,2,,,BA,10,BA,5,,,,,,,MA,6,JD,3,BA/ An Academy,10,BA,7,BA,2,BA,8,,,BA,8,AA,6,,,BA,6,"McMinnville, Oregon
(45.210028, -123.192128)"
Dallas,"15,570",5,3,107,3.5,"39,600.00",N,,,N,1,"73,577.00",N,,,Y,,,N,,,N,,,Y,1,"144,000.00",N,0,,N,1,"85,064.20",N,1,"95,541.00",N,1,"92,024.00",N,,,N,1,"88,476.00",N,,,Y,1,"73,577.00",N,,,Y,1,"95,541.00",N,1,"88,476.00",N,,,,1,"85,064.00",N,,,N,1,"92,024.00",N,1,"70,759.00",N,,,N,,,Y,12,16,10.5,,,,,,12,16,10.5,5,,,,,,,,,,,,,,,,,12,16,10.5,5,,,,,12,16,10.5,5,12,16,10.5,5,12,16,10.5,5,,,,,12,16,10.5,5,,,,,12,16,10.5,5,,,,,12,16,10.5,5,12,16,10.5,5,,,,,12,16,10.5,5,,,,,12,16,10.5,5,12,16,10.5,5,,,,,,,,,HS,3,,,AA,4,,,,,,,,,,,,,BA,5,BA,7,BA,5,,,BA,2,,,BA,3,,,BA,10,BA,6,,,AA,4,,,BA,10,HS,7,,,,,"Dallas, Oregon
(44.919444, -123.316677)"
Athena,"1,175",2,7,5.6,1,"42,900.00",N,,,,,,,,,Y,,,,,,,,,,,,,1,"55,640.00",N,,,,,"2,700.00",Volunteer,,,,,,,,,,,,,0.75,"31,730.00",,,"1,800.00",Y,,,,,,,,,,,,,,,,,,,,,,1,"61,277",,1,"61,277.00",,5,14,15,,,,,,,,,,,,,,,,,,,,,,,,,,,,,,3,15,10,,,,,,,,,,,,,,,,,,,,,,,,,,6,11,10,,,,,,,,,,,,,,,,,,,,,,,,,,,,,,,,,,7,8,10,,6,18,10,,HS,3,,,,,,,,,,,,,,,HS,3,,,,,,,,,,,,,,3,,,,,,,,,,,,,,,,,AA + certificates,5,AA + certificates,5,"Athena, Oregon
(45.812667, -118.491919)"
Silverton,"10,070",5,3,,2,"43,108.00",N,,,,1,"68,640.00",N,,,,,,,1,"90,480.00",N,1,"76,960.00",N,1,"129,360.00",N,,,,,,,,,,1,"94,640.00",N,,,,1,"90,480.00",N,,,,,,,,,,1,"94,640.00",N,,,,,,,,,,,,,1,"94,640.00",N,,,,,,,,,,12,12,,,,,,,12,12,,,,,,,,,,,12,12,,11,12,12,,,12,12,,11,,,,,,,,,,,,,12,12,,11,,,,,12,12,,11,,,,,,,,,,,,,12,12,,11,,,,,,,,,,,,,,,,,12,12,,11,,,,,,,,,,,,,AA,4,,,AA,2,,,,,BA,5,BA,4,BA,5,,,,,,,BA,5,,,BA,4,,,,,,,Bachelor or FBI Academy,10,,,,,,,,,BA,6,,,,,,,"Silverton, Oregon
(45.005538, -122.78206)"
Waldport,"2,095",3,1,,1,"33,614.00",N,,,,,,,,,,,,,,,,,,,1,"108,212.00",N,1,"59,033.00",N,,,,,,,1,"63,783.00",N,,,,,,,,,,3.3,"140,230.00",N,,,,,,,,,,0.4,"48,367.00",N,,,,,,,1,"81,013.00",N,,,,,,,,,,,,,,,,,,,,,,,,,,,,,,,,,,,,,,,,,,,,,,,,,,,,,,,,,,,,,,,,,,,,,,,,,,,,,,,,,,,,,,,,,,,,,,,,,,,,,,,,,,,,,,,,,,,,,,,,,,,,,,,,,,,,,,,,,,,,,,,,,,,,,,,,,,,,,,,,,,,,,,"Waldport, Oregon
(44.42402, -124.069039)"
Lowell,"1,070",2,3,5.5,,,,,,,,,Y,,,Y,1,"79,992.00",N,,,,,,Y,,,,1,"47,943.00",N,,,,,,,,,Y,,,,,,,,,,,,,,,Y,,,,,,,,,Y,,,,,,,1,"62,491.00",N,,,,,,,,,,,,,,,,,,,,,,,,,,12,20,,,,,,,,,,,,,,,12,15,,,,,,,,,,,,,,,,,,,,,,,,,,,,,,,,,,,,,,,,,,,,,,,,,,,,,,,12,15,,,,,,,,,,,,,,,,,,,,,,,BA,3,,,,,,,HS,5,,,,,,,,,,,,,,,,,,,,,,,,,,,HS,8,,,,,,,"Lowell, Oregon
(43.919701, -122.78318)"
Coburg,"1,085",2,3,14,1.5,"34,820.00",,,,,,,,1,,Y,1,"90,000.00",,,,,1,,Y,,,,1,"54,000.00",,,,,,,,1,"72,000.00",,,,,,,,1,,Y,,,,1,,Y,1,"78,000.00",,1,"48,500.00",,,,,,,,,,,1,"71,100.00",,,,,,,,,,,12,12,11,,,,,,,,,,,,,,12,14,11,,,,,,,,,,,,,,12,20,11,,,,,,,,,,12,13.5,11,,,,,,,,,,,,,,,,,,,,,,12,14,11,,,,,,12,12,11,,,,,,,,,,12,12,11,,,,,,,,,,,,,,,2,BA,5,,,,,BA,6,,,,,,,,,,,,,BA,5,,,,,,,,,,,,,BA,2,,,,,,,BA,5,,,,,,,"Coburg, Oregon
(44.138765, -123.067076)"
Rivergrove,500,2,2,0.5,,,,,,,,,,,,Y,,,,,,,,,Y,0.25,,,0.25,,,,,,,,,,,,,,,,,,,,,,,,,,,,,,,,,,,Y,,,,,,,,,,,,,,,,,,,,,,,,,,,,,,,,,,,,,,,,,,,,,,,,,,,,,,,,,,,,,,,,,,,,,,,,,,,,,,,,,,,,,,,,,,,,,,,,,,,,,,,,,,,,,,,,,,,,,,,,,,,,,,,,,,,,,,,,,BA,,BA,,,,,,,,,,,,,,,,,,,,,,,,,,,,,,,,,,,,"Rivergrove, Oregon
(45.384252, -122.734118)"
Oregon City,"34,610",5,2,206.35,1,"65,256.00",N,,,,1,"94,672.00",N,,,,,,,1,"120,404.00",N,1,"109,208.00",N,1,"155,084.00",N,1,"92,360.00",N,1,"106,612.00",N,,,,1,"132,608.00",N,1,"66,036.00",N,1,"122,400.00",N,1,"105,284.00",N,4,"67,848.00",N,0.29,"64,752.00",N,1,"144,552.00",N,,,,3,"78,684.00",N,1,"117,452.00",N,1,"74,988.00",N,1,"132,608.00",N,1,"85,952.00",N,1,"88,580",N,1,"88,010.00",N,15,15,,,,,,,15,18,,,,,,,,,,,15,25,,6,15,18,,,15,25,,6,15,18,,6,15,18,,6,,,,,15,18,,6,15,15,,,15,18,,6,15,25,,,15,18,,,,,,,15,25,,6,,,,,15,25,,,15,15,,6,15,15,,,15,18,,6,15,18,,,15,25,,,15,18,,,HS,4,,,BA,5,,,,,MA,8,BA,5,BA,8,BA,3,BA,4,,,BA,8,BS,3,BA,8,BA,5,MA,,,,BA,8,,,MS,5,BA,8,BA,4,BA,8,AA,5,AA,5,AA,5,"Oregon City, Oregon
(45.33675, -122.590784)"
Umatilla,"7,245",4,7,40,1,"42,564.00",N,1,"101,574.00",N,,,,,,Y,,,,1,"95,574.00",N,,,Y,1,"110,000.00",N,1,"67,482.00",N,,,,,,,,,,,,,,,,,,Y,1,"46,908.00",N,1,"46,908.00",N,1,"95,574.00",N,,,,1,"67,482.00",N,,,,,,,1,"95,574.00",N,,,,,,,1,"75,552.00",N,12,10,,,12,18,5,,,,,,,,,,,,,,12,20,5,,,,,,12,20,10,,12,15,,,,,,,,,,,,,,,,,,,,,,,,,,,12,20,,,12,20,,,12,20,5,,,,,,12,8,,,,,,,,,,,12,20,5,,,,,,,,,,12,20,,,,2,BA,4,,,,,,,BA,10,,,BA,5,HS,5,,,,,,,,,,,,,,5,,,,5,,,BA,,,,,,,6,,,,,,4,"Umatilla, Oregon
(45.917392, -119.331744)"
St. Helens,"13,240",5,2,75.9,1,"45,000.00",N,,,N,1,"85,000.00",N,,,N,1,"110,000.00",N,,,N,3.25,"63,000.00",N,,,N,1,"72,000.00",N,,,N,,,N,1,"95,000.00",N,,,N,,,N,,,Y,1,"85,000.00",N,0.4,"55,000.00",Y,1,"97,000.00",N,,,N,1,"72,000.00",N,,,N,1,"52,000.00",N,2,"85,000.00",N,,,N,,,N,,,N,12,5,,,,,,,12,5,,5,,,,,12,5,,5,,0,,,12,5,,,,,,,12,5,,5,,,,0,,,,,12,5,,5,,,,,,,,,,,,,12,5,,5,,,,,12,5,,5,,,,,12,5,,5,,,,,12,5,,,12,5,,5,,,,,,,,,,,,,HS,,HS,,HS,,HS,,HS,,HS,,HS,,HS,,HS,,HS,,HS,,HS,,HS,,HS,,HS,,HS,,HS,,HS,,HS,,HS,,HS,,HS,,HS,,HS,,HS,,HS,,"St Helens, Oregon
(45.861814, -122.810196)"
Yachats,740,2,1,8,,,N,,,N,,,Y,,,Y,,,N,,,N,,,Y,1,"75,000.00",,,,Y,,,N,,,,,,N,,,N,,,N,,,Y,,,N,,,Y,,,N,,,N,,,Y,,,N,,,N,,,N,,,N,,,N,,,N,,,,,,,,,,,,,,,,,,,,,,,,,,,,,12,12,,,,,,,,,,,,,,,,,,,,,,,,,,,,,,,,,,,,,,,,,,,,,,,,,,,,,,,,,,,,,,,,,,,,,,,,,,,,,,,,,,,,,,,,,BA,5,,,,,,,,,,,,,,,,,,,,,,,,,,,,,,,,,,,,,"Yachats, Oregon
(44.314386, -124.104816)"
